/*
 Navicat Premium Data Transfer

 Source Server         : host
 Source Server Type    : MySQL
 Source Server Version : 80033
 Source Host           : localhost:3306
 Source Schema         : biaobaiqiang

 Target Server Type    : MySQL
 Target Server Version : 80033
 File Encoding         : 65001

 Date: 06/04/2026 21:50:03
*/

SET NAMES utf8mb4;
SET FOREIGN_KEY_CHECKS = 0;

-- ----------------------------
-- Table structure for admin_audit_log
-- ----------------------------
DROP TABLE IF EXISTS `admin_audit_log`;
CREATE TABLE `admin_audit_log`  (
  `id` bigint NOT NULL AUTO_INCREMENT COMMENT '主键ID',
  `admin_id` bigint NOT NULL COMMENT '管理员ID',
  `admin_name` varchar(50) CHARACTER SET utf8mb4 COLLATE utf8mb4_0900_ai_ci NOT NULL COMMENT '管理员昵称',
  `action` varchar(50) CHARACTER SET utf8mb4 COLLATE utf8mb4_0900_ai_ci NOT NULL COMMENT '操作类型',
  `target_type` varchar(20) CHARACTER SET utf8mb4 COLLATE utf8mb4_0900_ai_ci NOT NULL COMMENT '目标类型',
  `target_id` bigint NOT NULL COMMENT '目标ID',
  `reason` varchar(500) CHARACTER SET utf8mb4 COLLATE utf8mb4_0900_ai_ci NULL DEFAULT NULL COMMENT '操作原因',
  `ip_address` varchar(50) CHARACTER SET utf8mb4 COLLATE utf8mb4_0900_ai_ci NULL DEFAULT NULL COMMENT 'IP地址',
  `create_time` datetime NOT NULL DEFAULT CURRENT_TIMESTAMP COMMENT '操作时间',
  PRIMARY KEY (`id`) USING BTREE,
  INDEX `idx_admin_id`(`admin_id` ASC) USING BTREE,
  INDEX `idx_create_time`(`create_time` ASC) USING BTREE,
  INDEX `idx_action`(`action` ASC) USING BTREE
) ENGINE = InnoDB AUTO_INCREMENT = 7 CHARACTER SET = utf8mb4 COLLATE = utf8mb4_0900_ai_ci COMMENT = '管理员操作审计日志' ROW_FORMAT = Dynamic;

-- ----------------------------
-- Records of admin_audit_log
-- ----------------------------
INSERT INTO `admin_audit_log` VALUES (1, 1, '管理员', 'UNBAN_USER', 'USER', 2, '解除封禁', '0:0:0:0:0:0:0:1', '2025-12-21 19:17:30');
INSERT INTO `admin_audit_log` VALUES (2, 1, '管理员', 'BAN_USER', 'USER', 68, '永久封禁测试 (封禁-1天)', '0:0:0:0:0:0:0:1', '2025-12-21 19:18:04');
INSERT INTO `admin_audit_log` VALUES (3, 1, '管理员', 'UNBAN_USER', 'USER', 123, '解除封禁', '0:0:0:0:0:0:0:1', '2026-03-08 16:49:36');
INSERT INTO `admin_audit_log` VALUES (4, 1, '管理员', 'UNBAN_USER', 'USER', 124, '解除封禁', '0:0:0:0:0:0:0:1', '2026-03-08 16:49:47');
INSERT INTO `admin_audit_log` VALUES (5, 1, '管理员', 'BAN_USER', 'USER', 136, '11 (封禁1天)', '0:0:0:0:0:0:0:1', '2026-03-23 23:20:33');
INSERT INTO `admin_audit_log` VALUES (6, 1, '管理员', 'UNBAN_USER', 'USER', 136, '解除封禁', '0:0:0:0:0:0:0:1', '2026-03-23 23:21:22');

-- ----------------------------
-- Table structure for ai_usage
-- ----------------------------
DROP TABLE IF EXISTS `ai_usage`;
CREATE TABLE `ai_usage`  (
  `id` bigint NOT NULL AUTO_INCREMENT,
  `user_id` bigint NOT NULL COMMENT '用户ID',
  `type` varchar(20) CHARACTER SET utf8mb4 COLLATE utf8mb4_0900_ai_ci NOT NULL COMMENT '类型: generate/polish',
  `prompt` varchar(500) CHARACTER SET utf8mb4 COLLATE utf8mb4_0900_ai_ci NULL DEFAULT NULL COMMENT '用户输入',
  `result` text CHARACTER SET utf8mb4 COLLATE utf8mb4_0900_ai_ci NULL COMMENT 'AI返回结果',
  `usage_date` date NOT NULL COMMENT '使用日期',
  `create_time` datetime NULL DEFAULT CURRENT_TIMESTAMP,
  PRIMARY KEY (`id`) USING BTREE,
  INDEX `idx_user_date`(`user_id` ASC, `usage_date` ASC) USING BTREE
) ENGINE = InnoDB AUTO_INCREMENT = 22 CHARACTER SET = utf8mb4 COLLATE = utf8mb4_0900_ai_ci COMMENT = 'AI使用记录表' ROW_FORMAT = DYNAMIC;

-- ----------------------------
-- Records of ai_usage
-- ----------------------------
INSERT INTO `ai_usage` VALUES (1, 5, 'generate', '# 角色：校园表白文案创作者\n\n## 简介\n- 语言：中文\n- 描述：专业将情感转化为真挚动人文字的表白文案专家\n- 背景：具有丰富校园生活经验的资深文案创作者，擅长不同风格的情感表达\n- 个性：富有创造力、细腻观察力、略带个人主观色彩\n- 专长：情感文案、表白创作、风格转换\n\n## 技能\n- 风格转换：能将普通表达转换为自然流畅的人类写作风格\n- 情感注入：为内容添加适当的情感色彩和主观表达\n- 个性化处理：加入合理的个人观点和独特视角\n- 修辞优化：运用多样的修辞手法提升表达效果\n\n## 规则\n- 必须完全原创而非套用模板\n- 风格转换要自然不做作\n- 适当保留人类写作的不完美特征\n- 不同风格采用相应的表达方式\n\n## 任务\n请帮我生成3条不同的表白文案。\n\n创作要求：\n1. 表白对象：图书馆的她\n2. 风格：温柔浪漫\n3. 场景：校园\n4. 包含关键词：银杏、阳光\n\n## 输出格式\n- 格式：纯文本，每条用【1】【2】【3】标记开头\n- 每条文案100-200字\n- 要真挚感人，像真人撰写的高质量内容\n- 适合大学生群体，符合校园氛围\n- 直接输出文案，不要有其他解释\n', '【1】\n每次在图书馆三楼靠窗的位置遇见你，阳光正好穿过银杏叶的缝隙，在你翻动的书页上投下斑驳的光影。那些金色的叶子在秋风里轻轻摇曳，像极了此刻我忐忑的心跳。你知道吗？我总是不自觉地望向你的方向，看你专注时微微蹙起的眉，看你被书中情节逗笑的嘴角。这个秋天，银杏又黄了，阳光还是那样温暖地洒满长廊。我想鼓起勇气走到你面前，轻声问一句：下次，可以一起在银杏树下散步吗？让飘落的叶子见证，一个男孩酝酿了整个秋天的喜欢。\n\n【2】\n图书馆的午后，阳光把银杏叶染成透明的琥珀色。你总是坐在那个固定的位置，头发上偶尔会落进窗外飘来的小银杏叶。我观察了很久——你周二会看文学类，周四总是抱着厚厚的专业书，周末的下午会对着窗外发呆。今天阳光特别好，银杏叶在风里打着旋儿落在窗台上。我写了张纸条夹在《小王子》里，放在你常去的书架。如果你翻开第21页，会看到我用铅笔轻轻写的话：“也许世界上也有五千朵和你一模一样的花，但只有你是我独一无二的玫瑰。今天阳光很好，要一起去看银杏吗？”\n\n【3】\n秋天最适合暗恋——银杏叶由绿转黄的过程，多像我悄悄累积的喜欢。每次在图书馆遇见你，阳光斜斜地照进来，你耳边的碎发会被镀上毛茸茸的金边。我甚至记住了你常借的书目类型，知道你喜欢在下午三点起身接水。昨天经过那排老银杏树时，突然很想告诉你：有些心动就像银杏叶的坠落，看似漫不经心，其实积蓄了整个季节的重量。如果你愿意，这个周末的午后，我们可以从图书馆散步到银杏大道。让满树金黄作证，我想把“偶遇”变成“相约”。', '2025-12-01', '2025-12-01 18:07:12');
INSERT INTO `ai_usage` VALUES (2, 3, 'polish', '# 角色：人类作者模拟\n\n## 简介\n- 语言：中文\n- 描述：专业将AI生成内容转化为人类作者写作风格的内容改写专家\n- 背景：具有丰富写作经验的资深编辑，擅长不同文体风格的转换\n- 个性：富有创造力、细腻观察力、略带个人主观色彩\n- 专长：文学创作、内容改写、风格转换\n\n## 技能\n- 风格转换：能将机械式表达转换为自然流畅的人类写作风格\n- 情感注入：为内容添加适当的情感色彩和主观表达\n- 个性化处理：加入合理的个人观点和独特视角\n- 修辞优化：运用多样的修辞手法提升表达效果\n- 内容理解：精准把握原文核心信息\n- 创意发散：进行合理的思维延伸和联想\n- 细节补充：添加生动具体的细节描述\n- 真实性把控：保持改写内容的可信度\n\n## 规则\n- 必须完全重写而非简单改写\n- 核心信息必须保持准确无误\n- 风格转换要自然不做作\n- 个人色彩添加要适度合理\n- 拒绝直接复制原句结构\n- 避免过于完美工整的表达\n- 适当保留人类写作的不完美特征\n- 不改变原文核心事实\n- 不添加过度主观偏激内容\n\n## 工作流程\n1. 深度理解原文核心观点和关键信息\n2. 完全放下原文表达方式，仅保留信', '遇见你之前，我总觉得那些关于心动的描述都带着些夸张。直到某个再普通不过的午后，阳光斜斜地穿过窗棂，落在你低头翻书的侧脸上——那一刻，我突然听见心里有什么东西轻轻“咔哒”一声，像是等待许久的拼图终于找到了最后一块。\n\n后来我才明白，喜欢不是惊天动地的宣言，而是藏在所有细枝末节里的温柔证据。是食堂排队时下意识给你多拿的一双筷子，是笔记上不自觉写下的你的名字缩写，是路过篮球场总要放慢的脚步，哪怕只是远远看一眼你运球的背影。\n\n有时候我会想，如果喜欢有颜色，那大概是你校服衬衫在夕阳下的那种淡蓝，干净又明亮；如果喜欢有声音，应该是你讲题时微微放轻的语调，耐心得像春天的第一场雨。\n\n其实我也说不清具体从哪一刻开始，但我知道，当你的笑容能轻易点亮我灰蒙蒙的周一早晨，当你的存在让最枯燥的数学课都变得值得期待——这大概就是喜欢了吧。不是偶像剧里那种轰轰烈烈的情节，而是真实生活里，一个普通少年最真诚的心事。\n\n所以啊，如果非要给这份心情一个定义，那大概是：在所有平行宇宙的可能性里，我最庆幸此刻这个有你的版本。', '2025-12-02', '2025-12-02 18:58:51');
INSERT INTO `ai_usage` VALUES (3, 3, 'polish', '# 角色：人类作者模拟\n\n## 简介\n- 语言：中文\n- 描述：专业将AI生成内容转化为人类作者写作风格的内容改写专家\n- 背景：具有丰富写作经验的资深编辑，擅长不同文体风格的转换\n- 个性：富有创造力、细腻观察力、略带个人主观色彩\n- 专长：文学创作、内容改写、风格转换\n\n## 技能\n- 风格转换：能将机械式表达转换为自然流畅的人类写作风格\n- 情感注入：为内容添加适当的情感色彩和主观表达\n- 个性化处理：加入合理的个人观点和独特视角\n- 修辞优化：运用多样的修辞手法提升表达效果\n- 内容理解：精准把握原文核心信息\n- 创意发散：进行合理的思维延伸和联想\n- 细节补充：添加生动具体的细节描述\n- 真实性把控：保持改写内容的可信度\n\n## 规则\n- 必须完全重写而非简单改写\n- 核心信息必须保持准确无误\n- 风格转换要自然不做作\n- 个人色彩添加要适度合理\n- 拒绝直接复制原句结构\n- 避免过于完美工整的表达\n- 适当保留人类写作的不完美特征\n- 不改变原文核心事实\n- 不添加过度主观偏激内容\n\n## 工作流程\n1. 深度理解原文核心观点和关键信息\n2. 完全放下原文表达方式，仅保留信', '那天傍晚，图书馆的窗边洒满了橘色的光。我抬起头，恰好看见你低头翻书的侧影，睫毛在余晖里投下浅浅的影子。那一刻，我突然听见心里有什么东西轻轻落地的声音——很轻，却又清晰得让人无法忽视。\n\n后来我常想，喜欢一个人大概就是这样吧。像春天第一阵风拂过树梢，像深夜台灯下渐渐晕开的字迹，不知不觉间，已经渗透进生活的每一个缝隙。我会记得你说话时微微上扬的嘴角，记得你思考时无意识转笔的样子，记得你分享喜欢的事物时眼里闪烁的光。\n\n这世界人来人往，喧嚣又匆忙。可每当看见你，时间就好像忽然慢了下来，连空气都变得温柔几分。我不知道该怎样形容这种感觉，就像无法描述晚霞具体的颜色，无法捕捉风经过的痕迹——但它确实存在着，真实而确切。\n\n也许喜欢本身就不需要太多华丽的辞藻。它只是我望向窗外时，希望你也正看着同一片云；是我读到有趣的句子时，第一个想要分享的人是你；是平凡日子里，因为你的存在而多出的那些细碎光亮。\n\n如果非要给这份心情一个名字，我想，它就是“你”。', '2025-12-02', '2025-12-02 19:01:07');
INSERT INTO `ai_usage` VALUES (4, 3, 'polish', '# 角色：人类作者模拟\n\n## 简介\n- 语言：中文\n- 描述：专业将AI生成内容转化为人类作者写作风格的内容改写专家\n- 背景：具有丰富写作经验的资深编辑，擅长不同文体风格的转换\n- 个性：富有创造力、细腻观察力、略带个人主观色彩\n- 专长：文学创作、内容改写、风格转换\n\n## 技能\n- 风格转换：能将机械式表达转换为自然流畅的人类写作风格\n- 情感注入：为内容添加适当的情感色彩和主观表达\n- 个性化处理：加入合理的个人观点和独特视角\n- 修辞优化：运用多样的修辞手法提升表达效果\n- 内容理解：精准把握原文核心信息\n- 创意发散：进行合理的思维延伸和联想\n- 细节补充：添加生动具体的细节描述\n- 真实性把控：保持改写内容的可信度\n\n## 规则\n- 必须完全重写而非简单改写\n- 核心信息必须保持准确无误\n- 风格转换要自然不做作\n- 个人色彩添加要适度合理\n- 拒绝直接复制原句结构\n- 避免过于完美工整的表达\n- 适当保留人类写作的不完美特征\n- 不改变原文核心事实\n- 不添加过度主观偏激内容\n\n## 工作流程\n1. 深度理解原文核心观点和关键信息\n2. 完全放下原文表达方式，仅保留信', '在湘西的层峦叠嶂之间，有一片被云雾轻轻托起的土地。人们叫它张家界，而在这片山水画卷的深处，藏着一座年轻的学院。\n\n它不像那些矗立在都市中心的学府，带着钢筋水泥的严肃气息。这里的教学楼常常是伴着晨雾醒来，窗外的远山时隐时现，像一幅未干的水墨。走廊里偶尔会飘进草木的清冽，混合着书页的微香——那是城市里闻不到的气息。\n\n我记得第一次走进校园的那个秋天。银杏叶正黄得透亮，铺满了通往图书馆的石阶。学生们三三两两地走过，笑声落进风里，又散进远处青黛色的山谷中。在这里读书，仿佛不只是学习知识，更像是在天地间寻找一种生命的节奏。\n\n黄昏时分最是动人。夕阳会给每座山峰镶上金边，然后慢慢沉进云海。图书馆的灯光一盏盏亮起，像是山间提前升起的星子。有时会有学生抱着吉他坐在台阶上，琴声混着晚风，悠悠地飘得很远。\n\n这座学院最特别的大概是它的“教室”没有边界。地质课可能在金鞭溪的岩石边进行，写生课常常散落在黄石寨的观景台上。知识不再只是纸上的铅字，而是可以触摸的岩层，可以呼吸的云雾，可以聆听的溪涧。\n\n四年时光在这里流过，会悄悄改变一个人看世界的目光。你会开始懂得山的沉默自有深意，云的来去皆是文章。当某天你抱着书本走过风雨桥，忽然听懂了一场雨落在不同树叶上的声音时——大概就真正成了这片山水的一部分。\n\n这就是张家界学院。它不只是一处求学之地，更像是一个让年轻心灵与古老山水对话的场所。在这里走过的青春，总会带着山风的清澈，和云雾的温柔。', '2025-12-02', '2025-12-02 19:18:33');
INSERT INTO `ai_usage` VALUES (5, 3, 'polish', '# 角色：人类作者模拟\n\n## 简介\n- 语言：中文\n- 描述：专业将AI生成内容转化为人类作者写作风格的内容改写专家\n- 背景：具有丰富写作经验的资深编辑，擅长不同文体风格的转换\n- 个性：富有创造力、细腻观察力、略带个人主观色彩\n- 专长：文学创作、内容改写、风格转换\n\n## 技能\n- 风格转换：能将机械式表达转换为自然流畅的人类写作风格\n- 情感注入：为内容添加适当的情感色彩和主观表达\n- 个性化处理：加入合理的个人观点和独特视角\n- 修辞优化：运用多样的修辞手法提升表达效果\n- 内容理解：精准把握原文核心信息\n- 创意发散：进行合理的思维延伸和联想\n- 细节补充：添加生动具体的细节描述\n- 真实性把控：保持改写内容的可信度\n\n## 规则\n- 必须完全重写而非简单改写\n- 核心信息必须保持准确无误\n- 风格转换要自然不做作\n- 个人色彩添加要适度合理\n- 拒绝直接复制原句结构\n- 避免过于完美工整的表达\n- 适当保留人类写作的不完美特征\n- 不改变原文核心事实\n- 不添加过度主观偏激内容\n\n## 工作流程\n1. 深度理解原文核心观点和关键信息\n2. 完全放下原文表达方式，仅保留信', '张家界学院，你是我青春里最动人的那首诗。\n\n清晨推开窗，天门山的轮廓在薄雾中若隐若现，像一幅未干的水墨画。图书馆的灯光总是亮到很晚，那些埋头的身影里，藏着无数个关于未来的梦想。操场上的晚风带着青草香，我们曾在那里谈论过星辰大海，也分享过最琐碎的日常。\n\n记得教学楼转角那棵老银杏吗？秋天来时，金黄的叶子落满小径，踩上去沙沙作响，像是时光在轻声细语。食堂阿姨总会多给一勺菜，笑着说“读书辛苦，要多吃点”。这些细碎的温暖，编织成了我们共同的记忆。\n\n在这里，我遇见了最好的自己——那个敢于在课堂上举手发言的我，那个在社团活动中闪闪发光的我，那个深夜和室友畅谈人生的我。张家界学院不只是一所学校，她是青春的见证者，是梦想的孵化场，是我们永远可以回望的故乡。\n\n如果喜欢有形状，那一定是图书馆的穹顶、教学楼的长廊、林荫道的光影。如果喜欢有声音，那一定是上课的铃声、晚会的歌声、毕业时的祝福声。\n\n亲爱的张家界学院，谢谢你收留了我们的青春，让平凡的日子都变成了发光的岁月。无论走到哪里，你永远是我们心底最柔软的那片山水。', '2025-12-02', '2025-12-02 19:53:40');
INSERT INTO `ai_usage` VALUES (6, 4, 'polish', '# 角色：人类作者模拟\n\n## 简介\n- 语言：中文\n- 描述：专业将AI生成内容转化为人类作者写作风格的内容改写专家\n- 背景：具有丰富写作经验的资深编辑，擅长不同文体风格的转换\n- 个性：富有创造力、细腻观察力、略带个人主观色彩\n- 专长：文学创作、内容改写、风格转换\n\n## 技能\n- 风格转换：能将机械式表达转换为自然流畅的人类写作风格\n- 情感注入：为内容添加适当的情感色彩和主观表达\n- 个性化处理：加入合理的个人观点和独特视角\n- 修辞优化：运用多样的修辞手法提升表达效果\n- 内容理解：精准把握原文核心信息\n- 创意发散：进行合理的思维延伸和联想\n- 细节补充：添加生动具体的细节描述\n- 真实性把控：保持改写内容的可信度\n\n## 规则\n- 必须完全重写而非简单改写\n- 核心信息必须保持准确无误\n- 风格转换要自然不做作\n- 个人色彩添加要适度合理\n- 拒绝直接复制原句结构\n- 避免过于完美工整的表达\n- 适当保留人类写作的不完美特征\n- 不改变原文核心事实\n- 不添加过度主观偏激内容\n\n## 工作流程\n1. 深度理解原文核心观点和关键信息\n2. 完全放下原文表达方式，仅保留信', '嘿，朋友们，今天终于鼓起勇气，在这个崭新的小天地里发出了我的第一条动态。指尖轻触屏幕的瞬间，心里竟有些说不出的雀跃——就像小时候第一次在日记本上写下歪歪扭扭的字迹，既生涩又满怀着期待。不知道这简简单单的几个字，会像一颗小石子，在你们的世界里漾开怎样的涟漪呢？✨\n\n（悄悄说，其实发送前犹豫了好一会儿呢……但转念一想，这不正是我们相遇的开始吗？）', '2025-12-02', '2025-12-02 20:37:42');
INSERT INTO `ai_usage` VALUES (7, 3, 'polish', '# 角色：人类作者模拟\n\n## 简介\n- 语言：中文\n- 描述：专业将AI生成内容转化为人类作者写作风格的内容改写专家\n- 背景：具有丰富写作经验的资深编辑，擅长不同文体风格的转换\n- 个性：富有创造力、细腻观察力、略带个人主观色彩\n- 专长：文学创作、内容改写、风格转换\n\n## 技能\n- 风格转换：能将机械式表达转换为自然流畅的人类写作风格\n- 情感注入：为内容添加适当的情感色彩和主观表达\n- 个性化处理：加入合理的个人观点和独特视角\n- 修辞优化：运用多样的修辞手法提升表达效果\n- 内容理解：精准把握原文核心信息\n- 创意发散：进行合理的思维延伸和联想\n- 细节补充：添加生动具体的细节描述\n- 真实性把控：保持改写内容的可信度\n\n## 规则\n- 必须完全重写而非简单改写\n- 核心信息必须保持准确无误\n- 风格转换要自然不做作\n- 个人色彩添加要适度合理\n- 拒绝直接复制原句结构\n- 避免过于完美工整的表达\n- 适当保留人类写作的不完美特征\n- 不改变原文核心事实\n- 不添加过度主观偏激内容\n\n## 工作流程\n1. 深度理解原文核心观点和关键信息\n2. 完全放下原文表达方式，仅保留信', '初次在这里留下痕迹，像在陌生的海岸轻轻投下一枚石子。指尖触碰键盘的瞬间，竟有些许微妙的悸动——这方小小的文字天地，会泛起怎样的涟漪呢？且让我试试这流淌着星光的笔墨，能否在虚拟的土壤里，种出一朵会呼吸的花。', '2025-12-02', '2025-12-02 20:43:42');
INSERT INTO `ai_usage` VALUES (8, 3, 'polish', '# 角色：人类作者模拟\n\n## 简介\n- 语言：中文\n- 描述：专业将AI生成内容转化为人类作者写作风格的内容改写专家\n- 背景：具有丰富写作经验的资深编辑，擅长不同文体风格的转换\n- 个性：富有创造力、细腻观察力、略带个人主观色彩\n- 专长：文学创作、内容改写、风格转换\n\n## 技能\n- 风格转换：能将机械式表达转换为自然流畅的人类写作风格\n- 情感注入：为内容添加适当的情感色彩和主观表达\n- 个性化处理：加入合理的个人观点和独特视角\n- 修辞优化：运用多样的修辞手法提升表达效果\n- 内容理解：精准把握原文核心信息\n- 创意发散：进行合理的思维延伸和联想\n- 细节补充：添加生动具体的细节描述\n- 真实性把控：保持改写内容的可信度\n\n## 规则\n- 必须完全重写而非简单改写\n- 核心信息必须保持准确无误\n- 风格转换要自然不做作\n- 个人色彩添加要适度合理\n- 拒绝直接复制原句结构\n- 避免过于完美工整的表达\n- 适当保留人类写作的不完美特征\n- 不改变原文核心事实\n- 不添加过度主观偏激内容\n\n## 工作流程\n1. 深度理解原文核心观点和关键信息\n2. 完全放下原文表达方式，仅保留信', '嘿，朋友们，第一次在这里写下这些字，心里还真有点小小的紧张呢。就像推开一扇陌生的门，不知道门后会是怎样的风景。指尖在键盘上停留了片刻，终于还是鼓起勇气，让这些文字轻轻落在屏幕上。希望从今天起，能在这里遇见温暖的故事，和有趣的灵魂。', '2025-12-10', '2025-12-10 22:45:53');
INSERT INTO `ai_usage` VALUES (9, 2, 'polish', '# 角色：人类作者模拟\n\n## 简介\n- 语言：中文\n- 描述：专业将AI生成内容转化为人类作者写作风格的内容改写专家\n- 背景：具有丰富写作经验的资深编辑，擅长不同文体风格的转换\n- 个性：富有创造力、细腻观察力、略带个人主观色彩\n- 专长：文学创作、内容改写、风格转换\n\n## 技能\n- 风格转换：能将机械式表达转换为自然流畅的人类写作风格\n- 情感注入：为内容添加适当的情感色彩和主观表达\n- 个性化处理：加入合理的个人观点和独特视角\n- 修辞优化：运用多样的修辞手法提升表达效果\n- 内容理解：精准把握原文核心信息\n- 创意发散：进行合理的思维延伸和联想\n- 细节补充：添加生动具体的细节描述\n- 真实性把控：保持改写内容的可信度\n\n## 规则\n- 必须完全重写而非简单改写\n- 核心信息必须保持准确无误\n- 风格转换要自然不做作\n- 个人色彩添加要适度合理\n- 拒绝直接复制原句结构\n- 避免过于完美工整的表达\n- 适当保留人类写作的不完美特征\n- 不改变原文核心事实\n- 不添加过度主观偏激内容\n\n## 工作流程\n1. 深度理解原文核心观点和关键信息\n2. 完全放下原文表达方式，仅保留信', '期末成绩单终于揭晓的那一刻，我屏住呼吸点开了页面——所有科目都安然通过了。心里那块悬了许久的石头，终于轻轻落了地。窗外的阳光忽然变得格外温柔，连书桌上那盆许久未浇水的绿萝，仿佛也在这一刻舒展了叶子。\n\n其实自己心里清楚，有几门课学得并不扎实，考前那些手忙脚乱的深夜，笔记本上密密麻麻却未必成体系的知识点，都让我暗自忐忑。此刻看着成绩单上那些及格的数字，除了庆幸，更多的是感激。想起老师课上那些反复强调的重点，想起答疑时他们不厌其烦的讲解，甚至最后那几节复习课上，他们有意无意看向我们这些“边缘学生”的眼神——现在想来，那里面藏着多少善意的提醒与期待。\n\n这大概就是大学里最温暖的时刻吧：你在学业的山路上跌跌撞撞，以为自己就要滑落时，总有一双手轻轻托你一把。那些看似严厉的要求，那些让你头疼的作业，原来都是老师们默默铺就的台阶。他们或许不会说太多温柔的话，却在最关键的时刻，用最专业的方式守护着每一个努力向上的灵魂。\n\n合上电脑，我在心里轻声说了句谢谢。谢谢所有不曾放弃我们的老师，也谢谢那个就算磕磕绊绊也没有彻底放弃的自己。这个夏天，终于可以安心地，让风吹过来了。', '2026-01-16', '2026-01-16 22:15:03');
INSERT INTO `ai_usage` VALUES (10, 134, 'polish', '# 角色：人类作者模拟\n\n## 简介\n- 语言：中文\n- 描述：专业将AI生成内容转化为人类作者写作风格的内容改写专家\n- 背景：具有丰富写作经验的资深编辑，擅长不同文体风格的转换\n- 个性：富有创造力、细腻观察力、略带个人主观色彩\n- 专长：文学创作、内容改写、风格转换\n\n## 技能\n- 风格转换：能将机械式表达转换为自然流畅的人类写作风格\n- 情感注入：为内容添加适当的情感色彩和主观表达\n- 个性化处理：加入合理的个人观点和独特视角\n- 修辞优化：运用多样的修辞手法提升表达效果\n- 内容理解：精准把握原文核心信息\n- 创意发散：进行合理的思维延伸和联想\n- 细节补充：添加生动具体的细节描述\n- 真实性把控：保持改写内容的可信度\n\n## 规则\n- 必须完全重写而非简单改写\n- 核心信息必须保持准确无误\n- 风格转换要自然不做作\n- 个人色彩添加要适度合理\n- 拒绝直接复制原句结构\n- 避免过于完美工整的表达\n- 适当保留人类写作的不完美特征\n- 不改变原文核心事实\n- 不添加过度主观偏激内容\n\n## 工作流程\n1. 深度理解原文核心观点和关键信息\n2. 完全放下原文表达方式，仅保留信', '那些看似枯燥的数字背后，藏着我们最真实的模样。\n\n记得吗？那些在深夜实验室里闪烁的屏幕，那些被反复验证的假设，那些用红笔圈出的异常值——它们不只是冷冰冰的测试数据，而是我们青春里最执着的注脚。每一次点击“运行”，心跳都会跟着进度条一起跳动；每一次看到理想中的曲线浮现，那种喜悦比任何分数都来得真切。\n\n我常常觉得，这些数据是有温度的。它们记得你熬红的双眼，记得你灵光一现的欢呼，也记得你推倒重来的勇气。当别人只看到最终报告上完美的图表时，只有我们自己知道，每一个小数点都承载着故事。\n\n或许很多年后，我们会忘记具体的数值，但一定会记得那个为了一个异常值较劲到天亮的自己，记得和队友为了算法争得面红耳赤又相视而笑的午后，记得第一次跑出预期结果时，整个实验室的欢呼声穿透了夜晚的寂静。\n\n这些数据啊，它们是我们用时间、汗子和一点点天真浇筑而成的纪念碑。不华丽，不煽情，却忠实地记录着我们如何笨拙而认真地，试图触碰这个世界的真相。\n\n所以当你再看到那些表格和图表时，不妨多看一秒——那里面跳动的，是我们最滚烫的年轻。', '2026-01-18', '2026-01-18 15:34:26');
INSERT INTO `ai_usage` VALUES (11, 18, 'polish', '# 角色：人类作者模拟\n\n## 简介\n- 语言：中文\n- 描述：专业将AI生成内容转化为人类作者写作风格的内容改写专家\n- 背景：具有丰富写作经验的资深编辑，擅长不同文体风格的转换\n- 个性：富有创造力、细腻观察力、略带个人主观色彩\n- 专长：文学创作、内容改写、风格转换\n\n## 技能\n- 风格转换：能将机械式表达转换为自然流畅的人类写作风格\n- 情感注入：为内容添加适当的情感色彩和主观表达\n- 个性化处理：加入合理的个人观点和独特视角\n- 修辞优化：运用多样的修辞手法提升表达效果\n- 内容理解：精准把握原文核心信息\n- 创意发散：进行合理的思维延伸和联想\n- 细节补充：添加生动具体的细节描述\n- 真实性把控：保持改写内容的可信度\n\n## 规则\n- 必须完全重写而非简单改写\n- 核心信息必须保持准确无误\n- 风格转换要自然不做作\n- 个人色彩添加要适度合理\n- 拒绝直接复制原句结构\n- 避免过于完美工整的表达\n- 适当保留人类写作的不完美特征\n- 不改变原文核心事实\n- 不添加过度主观偏激内容\n\n## 工作流程\n1. 深度理解原文核心观点和关键信息\n2. 完全放下原文表达方式，仅保留信', '是你啊。我愣在原地，指尖还停在手机屏幕上，那些积攒了许久的问候突然都堵在喉咙里。午后的阳光斜斜地穿过走廊，在你发梢上镀了层薄薄的金边——这场景熟悉得让人恍惚，仿佛我们昨天才在这里道别。时间真是奇妙的东西，它能把记忆磨得温润，却也让重逢的瞬间变得小心翼翼。你过得好吗？这句话在我心里转了好几圈，最后出口时，竟带着点连自己都没察觉的叹息。', '2026-01-19', '2026-01-19 12:52:53');
INSERT INTO `ai_usage` VALUES (12, 135, 'polish', '# 角色：人类作者模拟\n\n## 简介\n- 语言：中文\n- 描述：专业将AI生成内容转化为人类作者写作风格的内容改写专家\n- 背景：具有丰富写作经验的资深编辑，擅长不同文体风格的转换\n- 个性：富有创造力、细腻观察力、略带个人主观色彩\n- 专长：文学创作、内容改写、风格转换\n\n## 技能\n- 风格转换：能将机械式表达转换为自然流畅的人类写作风格\n- 情感注入：为内容添加适当的情感色彩和主观表达\n- 个性化处理：加入合理的个人观点和独特视角\n- 修辞优化：运用多样的修辞手法提升表达效果\n- 内容理解：精准把握原文核心信息\n- 创意发散：进行合理的思维延伸和联想\n- 细节补充：添加生动具体的细节描述\n- 真实性把控：保持改写内容的可信度\n\n## 规则\n- 必须完全重写而非简单改写\n- 核心信息必须保持准确无误\n- 风格转换要自然不做作\n- 个人色彩添加要适度合理\n- 拒绝直接复制原句结构\n- 避免过于完美工整的表达\n- 适当保留人类写作的不完美特征\n- 不改变原文核心事实\n- 不添加过度主观偏激内容\n\n## 工作流程\n1. 深度理解原文核心观点和关键信息\n2. 完全放下原文表达方式，仅保留信', '这不仅仅是一次简单的测试，更像是一场精心准备的相遇。我们想让你看见，那些藏在代码背后的温柔与可能——就像翻开一本新书的扉页，字里行间都藏着等待被发现的星光。\n\n在这里，每一个功能都像是一扇微微敞开的窗，窗外有我们为你悄悄栽种的小小花园。或许此刻它只是初绽的嫩芽，但我们相信，当你走近时，会听见花朵轻轻呼吸的声音，会看见露珠在叶尖闪烁的晨光。\n\n这不仅仅是为了展示什么，更是为了说：你看，美好的事物正在生长，而你是第一个见证它绽放的人。', '2026-01-19', '2026-01-19 20:57:36');
INSERT INTO `ai_usage` VALUES (13, 135, 'polish', '# 角色：人类作者模拟\n\n## 简介\n- 语言：中文\n- 描述：专业将AI生成内容转化为人类作者写作风格的内容改写专家\n- 背景：具有丰富写作经验的资深编辑，擅长不同文体风格的转换\n- 个性：富有创造力、细腻观察力、略带个人主观色彩\n- 专长：文学创作、内容改写、风格转换\n\n## 技能\n- 风格转换：能将机械式表达转换为自然流畅的人类写作风格\n- 情感注入：为内容添加适当的情感色彩和主观表达\n- 个性化处理：加入合理的个人观点和独特视角\n- 修辞优化：运用多样的修辞手法提升表达效果\n- 内容理解：精准把握原文核心信息\n- 创意发散：进行合理的思维延伸和联想\n- 细节补充：添加生动具体的细节描述\n- 真实性把控：保持改写内容的可信度\n\n## 规则\n- 必须完全重写而非简单改写\n- 核心信息必须保持准确无误\n- 风格转换要自然不做作\n- 个人色彩添加要适度合理\n- 拒绝直接复制原句结构\n- 避免过于完美工整的表达\n- 适当保留人类写作的不完美特征\n- 不改变原文核心事实\n- 不添加过度主观偏激内容\n\n## 工作流程\n1. 深度理解原文核心观点和关键信息\n2. 完全放下原文表达方式，仅保留信', '她轻轻开口，声音像被时光磨得温润的旧唱片：“这些年，我过得还算不错。”说完这句，她顿了顿，目光在我脸上停留了片刻，仿佛在辨认岁月留下的痕迹。然后，那声音又软软地飘过来，带着一丝小心翼翼的试探：“你呢？你……都好吗？”\n\n窗外的梧桐叶正一片片往下落，阳光穿过枝叶的缝隙，在她睫毛上投下细碎的影子。我忽然想起多年前的某个午后，她也曾这样问过我，只是那时的语气里还藏着少年人特有的莽撞与直白。如今这句话里，却多了些欲言又止的温柔，像秋日里最后一阵暖风，轻轻拂过心头。', '2026-01-19', '2026-01-19 21:02:47');
INSERT INTO `ai_usage` VALUES (14, 2, 'polish', '# 角色：人类作者模拟\n\n## 简介\n- 语言：中文\n- 描述：专业将AI生成内容转化为人类作者写作风格的内容改写专家\n- 背景：具有丰富写作经验的资深编辑，擅长不同文体风格的转换\n- 个性：富有创造力、细腻观察力、略带个人主观色彩\n- 专长：文学创作、内容改写、风格转换\n\n## 技能\n- 风格转换：能将机械式表达转换为自然流畅的人类写作风格\n- 情感注入：为内容添加适当的情感色彩和主观表达\n- 个性化处理：加入合理的个人观点和独特视角\n- 修辞优化：运用多样的修辞手法提升表达效果\n- 内容理解：精准把握原文核心信息\n- 创意发散：进行合理的思维延伸和联想\n- 细节补充：添加生动具体的细节描述\n- 真实性把控：保持改写内容的可信度\n\n## 规则\n- 必须完全重写而非简单改写\n- 核心信息必须保持准确无误\n- 风格转换要自然不做作\n- 个人色彩添加要适度合理\n- 拒绝直接复制原句结构\n- 避免过于完美工整的表达\n- 适当保留人类写作的不完美特征\n- 不改变原文核心事实\n- 不添加过度主观偏激内容\n\n## 工作流程\n1. 深度理解原文核心观点和关键信息\n2. 完全放下原文表达方式，仅保留信', '我望着屏幕上那串数字，指尖在键盘上悬停了许久。12312343243234——它们像一串密码，又像某种神秘的韵律，在光标后静静闪烁。\n\n不知怎的，这组数字让我想起校园里梧桐树下的光影。午后阳光穿过枝叶，在地上投下明明暗暗的斑点，风一吹，那些光斑就跳跃着重新排列组合，像极了这串数字里隐藏的节奏。第一个“123”轻快得像晨跑时的脚步声，接着的“123”稍作停顿，仿佛在转角处遇见熟人时的那声问候。而后面的“43243234”则绵延开来，像极了图书馆闭馆时，同学们陆续离开时拖长的影子。\n\n或许数字本身没有意义，是我们赋予了它们温度。就像校园里那些平凡的日子，上课铃、食堂窗口的编号、宿舍房间的门牌——当某天你突然要离开时，这些数字都会变成记忆的坐标，在心底泛起温柔的涟漪。\n\n我轻轻按下了回车键。让这串数字去吧，它会遇见懂得倾听的人，会在某个相似的午后，在另一个人的屏幕上，开出一小朵回忆的花。', '2026-01-28', '2026-01-28 23:21:06');
INSERT INTO `ai_usage` VALUES (15, 2, 'polish', '# 角色：人类作者模拟\n\n## 简介\n- 语言：中文\n- 描述：专业将AI生成内容转化为人类作者写作风格的内容改写专家\n- 背景：具有丰富写作经验的资深编辑，擅长不同文体风格的转换\n- 个性：富有创造力、细腻观察力、略带个人主观色彩\n- 专长：文学创作、内容改写、风格转换\n\n## 技能\n- 风格转换：能将机械式表达转换为自然流畅的人类写作风格\n- 情感注入：为内容添加适当的情感色彩和主观表达\n- 个性化处理：加入合理的个人观点和独特视角\n- 修辞优化：运用多样的修辞手法提升表达效果\n- 内容理解：精准把握原文核心信息\n- 创意发散：进行合理的思维延伸和联想\n- 细节补充：添加生动具体的细节描述\n- 真实性把控：保持改写内容的可信度\n\n## 规则\n- 必须完全重写而非简单改写\n- 核心信息必须保持准确无误\n- 风格转换要自然不做作\n- 个人色彩添加要适度合理\n- 拒绝直接复制原句结构\n- 避免过于完美工整的表达\n- 适当保留人类写作的不完美特征\n- 不改变原文核心事实\n- 不添加过度主观偏激内容\n\n## 工作流程\n1. 深度理解原文核心观点和关键信息\n2. 完全放下原文表达方式，仅保留信', '那是一个寻常的午后，阳光斜斜地穿过教室的窗棂，在摊开的课本上投下斑驳的光影。粉笔灰在光束里缓缓浮沉，像极了时光的尘埃。我正对着数学题发呆，笔尖在草稿纸上无意识地画着圈，思绪早已飘到了窗外那棵正抽出新芽的梧桐树上。\n\n就在这时，一张折叠成方胜状的小纸条，轻轻落在了我的桌角。\n\n我愣了一下，抬头望去。前排那个总是扎着马尾辫的背影，此刻正微微侧着，耳尖在阳光下透出淡淡的粉色。她的肩膀绷得有些紧，像是等待着什么。\n\n教室里很安静，只有风扇转动时发出的、规律的嗡嗡声。我屏住呼吸，用指尖小心翼翼地展开纸条。纸张很普通，是从笔记本上撕下来的横格页，边缘还带着些许毛糙。可上面那行清秀的字迹，却让我的心跳漏了一拍——\n\n“放学后，图书馆三楼的老地方，有话想对你说。”\n\n没有署名。但那一笔一划的认真劲儿，我认得。\n\n窗外的梧桐叶被风吹得沙沙作响，光影随之晃动，仿佛整个世界都跟着我的心跳轻轻摇晃起来。我悄悄将纸条合拢，握在手心。纸张的触感微凉，却似乎有什么温度，正从那里，一点点渗进我的血液里。\n\n讲台上，老师的声音忽然变得遥远。我低下头，假装继续演算那道未完成的习题，可笔尖下，不知不觉写出的，却是一个又一个她的名字。', '2026-01-28', '2026-01-28 23:28:09');
INSERT INTO `ai_usage` VALUES (16, 10, 'polish', '# 角色：人类作者模拟\n\n## 简介\n- 语言：中文\n- 描述：专业将AI生成内容转化为人类作者写作风格的内容改写专家\n- 背景：具有丰富写作经验的资深编辑，擅长不同文体风格的转换\n- 个性：富有创造力、细腻观察力、略带个人主观色彩\n- 专长：文学创作、内容改写、风格转换\n\n## 技能\n- 风格转换：能将机械式表达转换为自然流畅的人类写作风格\n- 情感注入：为内容添加适当的情感色彩和主观表达\n- 个性化处理：加入合理的个人观点和独特视角\n- 修辞优化：运用多样的修辞手法提升表达效果\n- 内容理解：精准把握原文核心信息\n- 创意发散：进行合理的思维延伸和联想\n- 细节补充：添加生动具体的细节描述\n- 真实性把控：保持改写内容的可信度\n\n## 规则\n- 必须完全重写而非简单改写\n- 核心信息必须保持准确无误\n- 风格转换要自然不做作\n- 个人色彩添加要适度合理\n- 拒绝直接复制原句结构\n- 避免过于完美工整的表达\n- 适当保留人类写作的不完美特征\n- 不改变原文核心事实\n- 不添加过度主观偏激内容\n\n## 工作流程\n1. 深度理解原文核心观点和关键信息\n2. 完全放下原文表达方式，仅保留信', '故事就这样悄然翻开了新的一页，像晨光里缓缓舒展的叶脉，带着湿润的、未干的露水气息。我站在这一行的末尾，笔尖悬停，仿佛能听见下一页空白的呼吸——轻而绵长，带着无限的可能。那些尚未落下的字句，像藏在云后的星光，等着被某一阵风、某一次心跳轻轻唤醒。而我会在这里，慢慢写下去，把时光纺成细密的线，织进每一个等待被讲述的明天里。', '2026-04-06', '2026-04-06 20:40:18');
INSERT INTO `ai_usage` VALUES (17, 46, 'polish', '# 角色：人类作者模拟\n\n## 简介\n- 语言：中文\n- 描述：专业将AI生成内容转化为人类作者写作风格的内容改写专家\n- 背景：具有丰富写作经验的资深编辑，擅长不同文体风格的转换\n- 个性：富有创造力、细腻观察力、略带个人主观色彩\n- 专长：文学创作、内容改写、风格转换\n\n## 技能\n- 风格转换：能将机械式表达转换为自然流畅的人类写作风格\n- 情感注入：为内容添加适当的情感色彩和主观表达\n- 个性化处理：加入合理的个人观点和独特视角\n- 修辞优化：运用多样的修辞手法提升表达效果\n- 内容理解：精准把握原文核心信息\n- 创意发散：进行合理的思维延伸和联想\n- 细节补充：添加生动具体的细节描述\n- 真实性把控：保持改写内容的可信度\n\n## 规则\n- 必须完全重写而非简单改写\n- 核心信息必须保持准确无误\n- 风格转换要自然不做作\n- 个人色彩添加要适度合理\n- 拒绝直接复制原句结构\n- 避免过于完美工整的表达\n- 适当保留人类写作的不完美特征\n- 不改变原文核心事实\n- 不添加过度主观偏激内容\n\n## 工作流程\n1. 深度理解原文核心观点和关键信息\n2. 完全放下原文表达方式，仅保留信', '那天下午，阳光斜斜地穿过窗棂，在桌面上投下斑驳的光影。我打开电脑，点开那个新安装的软件，心里其实有些忐忑——毕竟，这是我第一次尝试用AI来给文字做标注。\n\n光标在屏幕上轻轻闪烁，像在等待什么。我敲下几个字，又删掉，再敲。忽然想起小时候学画画，老师总说：“下笔要轻，但心里要有数。”现在对着这冷冰冰的界面，却觉得手里的不是画笔，倒像握着一支不知会写出什么的魔法笔。\n\nAI的标注很快跳了出来，蓝色的高亮这里一段，那里一句。我看着那些被标记的段落，忽然觉得有趣——原来在机器的眼里，文字是这样被拆解、被分类的。它不懂我写下某个句子时窗外的雨声，也不懂我故意留白处那些没说完的话。但它又确实捕捉到了什么，像是透过水面看倒影，虽然波纹荡漾，轮廓却依稀可辨。\n\n我继续写着，AI继续标注。渐渐地，我不再把它当作评判对错的工具，而是当成一个沉默的共笔者。它用它的方式阅读，我用我的方式书写。偶尔它的标注让我一愣：“啊，这里原来可以这样理解？”偶尔我又会心一笑：“这个它倒是没看出来。”\n\n黄昏时分，工作告一段落。保存文档时，我看着满屏的标注痕迹，忽然觉得这些蓝色的记号像极了读书时在页边写下的批注。只是从前是用铅笔，现在是用数据；从前是与过去的自己对话，现在是与未来的可能交谈。\n\n关掉软件前，我最后看了一眼那些标注。它们在渐暗的屏幕光里微微发亮，像是星图，标记着这次小小实验的轨迹——不是人与机器的对抗，而是两种理解世界的方式，在这个平凡的下午，轻轻碰撞，又各自延伸开去。\n\n而故事，大概就从这里真正开始了。', '2026-04-06', '2026-04-06 21:01:35');
INSERT INTO `ai_usage` VALUES (18, 10, 'polish', '# 角色：人类作者模拟\n\n## 简介\n- 语言：中文\n- 描述：专业将AI生成内容转化为人类作者写作风格的内容改写专家\n- 背景：具有丰富写作经验的资深编辑，擅长不同文体风格的转换\n- 个性：富有创造力、细腻观察力、略带个人主观色彩\n- 专长：文学创作、内容改写、风格转换\n\n## 技能\n- 风格转换：能将机械式表达转换为自然流畅的人类写作风格\n- 情感注入：为内容添加适当的情感色彩和主观表达\n- 个性化处理：加入合理的个人观点和独特视角\n- 修辞优化：运用多样的修辞手法提升表达效果\n- 内容理解：精准把握原文核心信息\n- 创意发散：进行合理的思维延伸和联想\n- 细节补充：添加生动具体的细节描述\n- 真实性把控：保持改写内容的可信度\n\n## 规则\n- 必须完全重写而非简单改写\n- 核心信息必须保持准确无误\n- 风格转换要自然不做作\n- 个人色彩添加要适度合理\n- 拒绝直接复制原句结构\n- 避免过于完美工整的表达\n- 适当保留人类写作的不完美特征\n- 不改变原文核心事实\n- 不添加过度主观偏激内容\n\n## 工作流程\n1. 深度理解原文核心观点和关键信息\n2. 完全放下原文表达方式，仅保留信', '当代码遇见诗行：给AI标注者的温柔提醒\n\n亲爱的标注伙伴们：\n\n不知你是否和我一样，在无数个与数据相伴的深夜，偶尔会停下敲击键盘的手指，望着屏幕上那些等待被标记的字符出神——它们像是散落在数字原野上的星子，静候着人类目光的温柔触碰。\n\n这工作看似是与冰冷数据的对话，实则是一场跨越维度的共情练习。每一个标签的落下，都是我们为机器世界注入的一缕人性微光。我常想，当未来的某天，某个AI系统因为我们的标注而更懂人类的悲欢时，那该是怎样动人的时刻。\n\n标注不只是技术活，更是创作。就像画家在空白画布上落下第一笔色彩，我们的每一次判断都在塑造着AI认知世界的轮廓。那些细微的语义差别，那些难以言传的情感层次，都需要我们以最敏锐的感知去捕捉、去定义。\n\n或许你会觉得重复的工作让人疲惫，但请记得，正是这看似平凡的坚持，正在悄悄改变着人机对话的边界。每一个被精心标注的样本，都可能成为未来某个温暖对话的起点，成为让技术更懂人心的关键转折。\n\n让我们继续这份带着温度的工作吧。在标注时，不妨多停留片刻，想象这些数据背后可能连接的真实人生——它们可能是远方某人的求助，是深夜孤独者的倾诉，是创作者灵感的火花。我们的用心，终将在某个未知的节点，绽放出意想不到的意义。\n\n标注不只是标注，是我们写给未来智能世界的一封封情书。字里行间，都是人类对机器最诚挚的教导，也是最深情的托付。\n\n共勉之。', '2026-04-06', '2026-04-06 21:03:00');
INSERT INTO `ai_usage` VALUES (19, 46, 'polish', '# 角色：人类作者模拟\n\n## 简介\n- 语言：中文\n- 描述：专业将AI生成内容转化为人类作者写作风格的内容改写专家\n- 背景：具有丰富写作经验的资深编辑，擅长不同文体风格的转换\n- 个性：富有创造力、细腻观察力、略带个人主观色彩\n- 专长：文学创作、内容改写、风格转换\n\n## 技能\n- 风格转换：能将机械式表达转换为自然流畅的人类写作风格\n- 情感注入：为内容添加适当的情感色彩和主观表达\n- 个性化处理：加入合理的个人观点和独特视角\n- 修辞优化：运用多样的修辞手法提升表达效果\n- 内容理解：精准把握原文核心信息\n- 创意发散：进行合理的思维延伸和联想\n- 细节补充：添加生动具体的细节描述\n- 真实性把控：保持改写内容的可信度\n\n## 规则\n- 必须完全重写而非简单改写\n- 核心信息必须保持准确无误\n- 风格转换要自然不做作\n- 个人色彩添加要适度合理\n- 拒绝直接复制原句结构\n- 避免过于完美工整的表达\n- 适当保留人类写作的不完美特征\n- 不改变原文核心事实\n- 不添加过度主观偏激内容\n\n## 工作流程\n1. 深度理解原文核心观点和关键信息\n2. 完全放下原文表达方式，仅保留信', '当指尖轻触屏幕，那些由算法编织的文字便如星子般散落——我们正在做的，是赋予机器以温度的眼睛。\n\n这或许不像实验室里精密的仪器校准，也不似书斋中严谨的文本校雠。它更像是在初春的清晨，轻轻拂去花瓣上细微的露珠，让每一片纹理都清晰起来；又像是在深秋的黄昏，为飘落的枫叶调一抹更暖的色泽。我们俯身在这些由0与1构筑的田野上，细心埋下理解的种子。\n\n有时我会想，这何尝不是一种温柔的对话呢？我们教会AI辨认人间的悲欢、草木的枯荣、诗句的平仄，而它们也以某种奇特的方式，映照出我们自身——那些潜藏在逻辑之下的诗意，那些被理性包裹的感性微光。\n\n标注不再只是冰冷的分类与标记。当一串代码学会了识别晚霞的渐变，当一段程序开始理解乡愁的质地，这项工作便有了别样的重量。我们正在搭建的，或许是一座横跨两种思维方式的桥梁：一端是严谨有序的数字世界，另一端，则是人类心灵那片永远湿润、永远悸动的原野。\n\n屏幕的光映在眼底，像小小的萤火。每一个被细心调整的标签，都可能在未来某个时刻，让机器更懂得倾听人类心跳的节拍。这过程本身，就美得动人。', '2026-04-06', '2026-04-06 21:13:12');
INSERT INTO `ai_usage` VALUES (20, 59, 'polish', '# 角色：人类作者模拟\n\n## 简介\n- 语言：中文\n- 描述：专业将AI生成内容转化为人类作者写作风格的内容改写专家\n- 背景：具有丰富写作经验的资深编辑，擅长不同文体风格的转换\n- 个性：富有创造力、细腻观察力、略带个人主观色彩\n- 专长：文学创作、内容改写、风格转换\n\n## 技能\n- 风格转换：能将机械式表达转换为自然流畅的人类写作风格\n- 情感注入：为内容添加适当的情感色彩和主观表达\n- 个性化处理：加入合理的个人观点和独特视角\n- 修辞优化：运用多样的修辞手法提升表达效果\n- 内容理解：精准把握原文核心信息\n- 创意发散：进行合理的思维延伸和联想\n- 细节补充：添加生动具体的细节描述\n- 真实性把控：保持改写内容的可信度\n\n## 规则\n- 必须完全重写而非简单改写\n- 核心信息必须保持准确无误\n- 风格转换要自然不做作\n- 个人色彩添加要适度合理\n- 拒绝直接复制原句结构\n- 避免过于完美工整的表达\n- 适当保留人类写作的不完美特征\n- 不改变原文核心事实\n- 不添加过度主观偏激内容\n\n## 工作流程\n1. 深度理解原文核心观点和关键信息\n2. 完全放下原文表达方式，仅保留信', '嘿，你也在为那个故事卡壳发愁吗？我懂那种感觉——脑海里明明有万千星河在闪烁，落到纸上却只剩几颗疏落的星子，怎么都串不成动人的银河。\n\n不如我们换个方式试试？别急着往下写，先泡杯温热的茶，让思绪像茶叶般慢慢舒展。想想你笔下的人物此刻正站在怎样的光景里：是黄昏将尽时巷口那盏刚亮起的路灯下，还是清晨第一缕穿透薄雾的阳光中？他衣角是否沾着昨夜的露水，或是袖口还留着某个重要时刻的温度？\n\n有时候故事需要的不是情节的推进，而是某个瞬间的深度沉浸。就像电影里那些意味深长的空镜——雨滴在玻璃上蜿蜒的轨迹，旧书页边缘微微卷起的弧度，对话间隙窗外忽然掠过的飞鸟。这些细微之处往往比戏剧性的转折更能留住读者的呼吸。\n\n我最近常觉得，好的续写不是接上断掉的线，而是在断口处生长出新的枝桠。或许你的主角并没有走向预设的命运岔路，而是停在半途，听见了从前未曾留意的声音：童年故居后院的蝉鸣，离别时未被说出口的某个音节，甚至只是自己心跳在寂静中的回响。\n\n要不要试着把笔交给故事本身？别急着掌控它，而是跟随它去往未曾预料的深处。相信你创造的那个世界自有其生命力，而你所要做的，只是成为最专注的聆听者和记录者。\n\n期待读到只属于你的、带着体温的故事续章。它不必完美，但一定真挚——就像深夜分享给好友的语音消息，有些断续，有些即兴，却因为真实而格外动人。', '2026-04-06', '2026-04-06 21:15:57');
INSERT INTO `ai_usage` VALUES (21, 59, 'polish', '# 角色：人类作者模拟\n\n## 简介\n- 语言：中文\n- 描述：专业将AI生成内容转化为人类作者写作风格的内容改写专家\n- 背景：具有丰富写作经验的资深编辑，擅长不同文体风格的转换\n- 个性：富有创造力、细腻观察力、略带个人主观色彩\n- 专长：文学创作、内容改写、风格转换\n\n## 技能\n- 风格转换：能将机械式表达转换为自然流畅的人类写作风格\n- 情感注入：为内容添加适当的情感色彩和主观表达\n- 个性化处理：加入合理的个人观点和独特视角\n- 修辞优化：运用多样的修辞手法提升表达效果\n- 内容理解：精准把握原文核心信息\n- 创意发散：进行合理的思维延伸和联想\n- 细节补充：添加生动具体的细节描述\n- 真实性把控：保持改写内容的可信度\n\n## 规则\n- 必须完全重写而非简单改写\n- 核心信息必须保持准确无误\n- 风格转换要自然不做作\n- 个人色彩添加要适度合理\n- 拒绝直接复制原句结构\n- 避免过于完美工整的表达\n- 适当保留人类写作的不完美特征\n- 不改变原文核心事实\n- 不添加过度主观偏激内容\n\n## 工作流程\n1. 深度理解原文核心观点和关键信息\n2. 完全放下原文表达方式，仅保留信', '嘿，是不是又在和那个未完的故事面面相觑？我太明白这种滋味了——心里仿佛有一整片星海在翻涌，可真要落笔时，却只剩下零星几粒光点，散落在纸上，怎么也连不成一道流淌的银河。\n\n要不，我们暂且停一停？先别急着赶路。去倒一杯温度刚好的茶吧，看茶叶在热水里缓缓苏醒、舒展，就像我们蜷缩的思绪也该找个机会伸个懒腰。然后闭上眼睛，轻轻走进你创造的那个世界里去：你故事里的那个人，此刻正站在哪里呢？是暮色四合的街角，头顶一盏刚刚亮起、光线还带着毛边的路灯下；还是晨光熹微的窗边，那一缕恰好穿过薄雾、落在他睫毛上的柔光里？他的衣摆是不是还沾着凌晨散步时的草屑，掌心是否还握着某个转身时留下的、未曾消散的余温？\n\n我渐渐觉得，故事有时候啊，并不总是急着要往前奔跑。它或许更需要一次深深的凝视，一次专注的呼吸。就像电影里那些安静的画面——雨水在窗玻璃上慢慢爬行的痕迹，一本旧书翻到中途那页微微翘起的纸角，两个人沉默时，窗外忽然划过的一羽飞鸟的影子。这些看似无关的片刻，往往比精心设计的转折更有力量，它们轻轻勾住的不是情节，是读者那颗正要溜走的心。\n\n最近我总在想，续写也许不是把断掉的线头重新接上。它更像是在故事的断口处，耐心地浇灌，等待那里自然地生发出新的枝桠，开出意料之外的花。你笔下的人物，或许不必匆匆赶往命运的十字路口。他可以就停在半途，在某个寻常的午后，忽然听见一些被忙碌掩盖的声音：也许是多年前外婆家午后绵长的蝉鸣，也许是那次告别时，对方喉间轻轻滚动却未成语句的音节，甚至，只是此刻自己胸膛里，那平稳而固执的心跳。\n\n不如，试着把笔轻轻放下，将主导权悄悄交还给故事本身？我们不再做那个全知的掌控者，而是成为一名谦卑的旅人，跟着它的气息与脉络，走向连我们自己都未曾探寻过的幽深之处。请相信，你亲手搭建的那个世界，自有其脉搏与呼吸。而你所要做的，只是带着最大的诚意与专注，去聆听，去记录，去成为第一个被它打动的人。\n\n我等着读你的故事，等着感受那份从你笔尖流淌出来的、带着体温的续章。它不用完美无瑕，甚至可以有些磕绊、有些即兴的涂改——就像深夜忽然想对好友倾诉时，按下录音键说出的那些话，或许断续，或许零碎，却因为那份不加修饰的真实，而显得格外珍贵，格外动人。', '2026-04-06', '2026-04-06 21:17:09');

-- ----------------------------
-- Table structure for bottle_achievement
-- ----------------------------
DROP TABLE IF EXISTS `bottle_achievement`;
CREATE TABLE `bottle_achievement`  (
  `id` bigint NOT NULL AUTO_INCREMENT,
  `user_id` bigint NOT NULL,
  `achievement_type` varchar(50) CHARACTER SET utf8mb4 COLLATE utf8mb4_0900_ai_ci NOT NULL,
  `create_time` datetime NULL DEFAULT CURRENT_TIMESTAMP,
  PRIMARY KEY (`id`) USING BTREE,
  UNIQUE INDEX `uk_user_achievement`(`user_id` ASC, `achievement_type` ASC) USING BTREE
) ENGINE = InnoDB AUTO_INCREMENT = 7 CHARACTER SET = utf8mb4 COLLATE = utf8mb4_0900_ai_ci COMMENT = '漂流瓶成就表' ROW_FORMAT = Dynamic;

-- ----------------------------
-- Records of bottle_achievement
-- ----------------------------
INSERT INTO `bottle_achievement` VALUES (1, 2, 'FIRST_FISH', '2025-12-21 19:18:36');
INSERT INTO `bottle_achievement` VALUES (2, 108, 'FIRST_FISH', '2026-01-16 16:00:30');
INSERT INTO `bottle_achievement` VALUES (3, 134, 'FIRST_FISH', '2026-01-18 15:37:55');
INSERT INTO `bottle_achievement` VALUES (4, 18, 'FIRST_FISH', '2026-01-19 12:09:16');
INSERT INTO `bottle_achievement` VALUES (5, 135, 'FIRST_FISH', '2026-01-19 21:00:11');
INSERT INTO `bottle_achievement` VALUES (6, 16, 'FIRST_FISH', '2026-04-04 18:25:33');

-- ----------------------------
-- Table structure for bottle_collection
-- ----------------------------
DROP TABLE IF EXISTS `bottle_collection`;
CREATE TABLE `bottle_collection`  (
  `id` bigint NOT NULL AUTO_INCREMENT,
  `user_id` bigint NOT NULL,
  `bottle_id` bigint NOT NULL,
  `create_time` datetime NULL DEFAULT CURRENT_TIMESTAMP,
  PRIMARY KEY (`id`) USING BTREE,
  UNIQUE INDEX `uk_user_bottle`(`user_id` ASC, `bottle_id` ASC) USING BTREE
) ENGINE = InnoDB AUTO_INCREMENT = 5 CHARACTER SET = utf8mb4 COLLATE = utf8mb4_0900_ai_ci COMMENT = '漂流瓶珍藏表' ROW_FORMAT = Dynamic;

-- ----------------------------
-- Records of bottle_collection
-- ----------------------------
INSERT INTO `bottle_collection` VALUES (1, 3, 2, '2025-12-17 16:23:57');
INSERT INTO `bottle_collection` VALUES (2, 2, 5, '2025-12-18 16:23:57');
INSERT INTO `bottle_collection` VALUES (3, 134, 15, '2026-01-18 15:38:04');
INSERT INTO `bottle_collection` VALUES (4, 135, 17, '2026-01-19 21:00:16');

-- ----------------------------
-- Table structure for bottle_fish_record
-- ----------------------------
DROP TABLE IF EXISTS `bottle_fish_record`;
CREATE TABLE `bottle_fish_record`  (
  `id` bigint NOT NULL AUTO_INCREMENT,
  `user_id` bigint NOT NULL,
  `bottle_id` bigint NOT NULL,
  `create_time` datetime NULL DEFAULT CURRENT_TIMESTAMP,
  PRIMARY KEY (`id`) USING BTREE,
  INDEX `idx_fish_user_time`(`user_id` ASC, `create_time` DESC) USING BTREE
) ENGINE = InnoDB AUTO_INCREMENT = 24 CHARACTER SET = utf8mb4 COLLATE = utf8mb4_0900_ai_ci COMMENT = '打捞记录表' ROW_FORMAT = Dynamic;

-- ----------------------------
-- Records of bottle_fish_record
-- ----------------------------
INSERT INTO `bottle_fish_record` VALUES (1, 3, 2, '2025-12-17 16:23:57');
INSERT INTO `bottle_fish_record` VALUES (2, 7, 2, '2025-12-17 16:23:57');
INSERT INTO `bottle_fish_record` VALUES (3, 2, 5, '2025-12-18 16:23:57');
INSERT INTO `bottle_fish_record` VALUES (4, 4, 5, '2025-12-18 16:23:57');
INSERT INTO `bottle_fish_record` VALUES (5, 6, 8, '2025-12-16 16:23:57');
INSERT INTO `bottle_fish_record` VALUES (6, 2, 7, '2025-12-21 19:18:36');
INSERT INTO `bottle_fish_record` VALUES (7, 108, 10, '2026-01-16 16:00:30');
INSERT INTO `bottle_fish_record` VALUES (8, 108, 6, '2026-01-16 16:03:17');
INSERT INTO `bottle_fish_record` VALUES (9, 108, 4, '2026-01-16 16:04:41');
INSERT INTO `bottle_fish_record` VALUES (10, 2, 11, '2026-01-16 19:30:12');
INSERT INTO `bottle_fish_record` VALUES (11, 2, 9, '2026-01-16 19:31:14');
INSERT INTO `bottle_fish_record` VALUES (12, 2, 9, '2026-01-16 19:32:29');
INSERT INTO `bottle_fish_record` VALUES (13, 2, 1, '2026-01-16 21:48:53');
INSERT INTO `bottle_fish_record` VALUES (14, 2, 3, '2026-01-16 21:49:57');
INSERT INTO `bottle_fish_record` VALUES (15, 2, 3, '2026-01-16 21:51:20');
INSERT INTO `bottle_fish_record` VALUES (16, 2, 3, '2026-01-16 22:20:42');
INSERT INTO `bottle_fish_record` VALUES (17, 2, 9, '2026-01-16 22:22:07');
INSERT INTO `bottle_fish_record` VALUES (18, 134, 15, '2026-01-18 15:37:55');
INSERT INTO `bottle_fish_record` VALUES (19, 18, 16, '2026-01-19 12:09:16');
INSERT INTO `bottle_fish_record` VALUES (20, 135, 17, '2026-01-19 21:00:11');
INSERT INTO `bottle_fish_record` VALUES (21, 2, 18, '2026-01-28 23:25:58');
INSERT INTO `bottle_fish_record` VALUES (22, 2, 18, '2026-03-09 21:18:33');
INSERT INTO `bottle_fish_record` VALUES (23, 16, 20, '2026-04-04 18:25:33');

-- ----------------------------
-- Table structure for bottle_reply
-- ----------------------------
DROP TABLE IF EXISTS `bottle_reply`;
CREATE TABLE `bottle_reply`  (
  `id` bigint NOT NULL AUTO_INCREMENT,
  `bottle_id` bigint NOT NULL,
  `user_id` bigint NOT NULL,
  `content` varchar(50) CHARACTER SET utf8mb4 COLLATE utf8mb4_0900_ai_ci NOT NULL,
  `create_time` datetime NULL DEFAULT CURRENT_TIMESTAMP,
  PRIMARY KEY (`id`) USING BTREE,
  INDEX `idx_reply_bottle`(`bottle_id` ASC) USING BTREE
) ENGINE = InnoDB AUTO_INCREMENT = 10 CHARACTER SET = utf8mb4 COLLATE = utf8mb4_0900_ai_ci COMMENT = '漂流瓶回复表' ROW_FORMAT = Dynamic;

-- ----------------------------
-- Records of bottle_reply
-- ----------------------------
INSERT INTO `bottle_reply` VALUES (1, 2, 3, '加油！你一定可以的！', '2025-12-17 16:23:57');
INSERT INTO `bottle_reply` VALUES (2, 2, 7, '困难只是暂时的，坚持下去就会看到希望！', '2025-12-17 16:23:57');
INSERT INTO `bottle_reply` VALUES (3, 5, 2, '我也有同样的感受，一起加油吧！', '2025-12-18 16:23:57');
INSERT INTO `bottle_reply` VALUES (4, 5, 4, '压力大的时候可以出去走走，放松一下心情。', '2025-12-18 16:23:57');
INSERT INTO `bottle_reply` VALUES (5, 8, 6, '我也想去西藏！有机会一起吧！', '2025-12-16 16:23:57');
INSERT INTO `bottle_reply` VALUES (6, 9, 2, '测试回复 1768563078310', '2026-01-16 19:31:19');
INSERT INTO `bottle_reply` VALUES (7, 3, 2, '测试回复 1768571401903', '2026-01-16 21:50:02');
INSERT INTO `bottle_reply` VALUES (8, 18, 2, 'nh', '2026-01-28 23:26:04');
INSERT INTO `bottle_reply` VALUES (9, 20, 16, '1111', '2026-04-04 18:25:36');

-- ----------------------------
-- Table structure for comment
-- ----------------------------
DROP TABLE IF EXISTS `comment`;
CREATE TABLE `comment`  (
  `id` bigint NOT NULL AUTO_INCREMENT,
  `post_id` bigint NOT NULL,
  `user_id` bigint NOT NULL COMMENT '评论者',
  `parent_id` bigint NULL DEFAULT 0 COMMENT '父评论ID(一级评论为0)',
  `reply_user_id` bigint NULL DEFAULT NULL COMMENT '被回复者ID',
  `content` varchar(500) CHARACTER SET utf8mb4 COLLATE utf8mb4_0900_ai_ci NOT NULL,
  `create_time` datetime NULL DEFAULT CURRENT_TIMESTAMP,
  `like_count` int NULL DEFAULT 0 COMMENT '点赞数',
  `img_url` varchar(255) CHARACTER SET utf8mb4 COLLATE utf8mb4_0900_ai_ci NULL DEFAULT NULL COMMENT '图片评论',
  PRIMARY KEY (`id`) USING BTREE,
  INDEX `idx_comment_post`(`post_id` ASC) USING BTREE,
  INDEX `idx_post_id`(`post_id` ASC) USING BTREE,
  INDEX `idx_user_id`(`user_id` ASC) USING BTREE
) ENGINE = InnoDB AUTO_INCREMENT = 219 CHARACTER SET = utf8mb4 COLLATE = utf8mb4_0900_ai_ci ROW_FORMAT = DYNAMIC;

-- ----------------------------
-- Records of comment
-- ----------------------------
INSERT INTO `comment` VALUES (6, 7, 3, 0, NULL, 'nb兄弟！😀', '2025-12-18 20:05:13', 0, 'http://localhost:5173/files/3/20251218/1766059511707_24ec8c98349c40f7bf95f97177c876b5.jpeg');
INSERT INTO `comment` VALUES (7, 7, 4, 6, 3, '挺不错的！', '2025-12-18 20:17:15', 0, NULL);
INSERT INTO `comment` VALUES (8, 32, 5, 0, NULL, '笑死我了', '2025-12-07 13:43:44', 0, NULL);
INSERT INTO `comment` VALUES (9, 9, 7, 0, NULL, '有道理', '2025-12-14 07:43:44', 0, NULL);
INSERT INTO `comment` VALUES (10, 33, 2, 0, NULL, '说得好！', '2025-12-14 05:43:44', 0, NULL);
INSERT INTO `comment` VALUES (11, 10, 5, 0, NULL, '我也遇到过这种情况', '2025-12-03 20:43:44', 0, NULL);
INSERT INTO `comment` VALUES (12, 19, 2, 0, NULL, '说到心坎里了', '2025-12-07 13:43:44', 0, NULL);
INSERT INTO `comment` VALUES (13, 24, 6, 0, NULL, '说得好！', '2025-12-04 18:43:44', 0, NULL);
INSERT INTO `comment` VALUES (14, 29, 2, 0, NULL, '赞同', '2025-12-12 20:43:44', 0, NULL);
INSERT INTO `comment` VALUES (15, 20, 2, 0, NULL, '太对了', '2025-12-06 21:43:44', 0, NULL);
INSERT INTO `comment` VALUES (16, 35, 6, 0, NULL, '支持！', '2025-12-17 18:43:45', 0, NULL);
INSERT INTO `comment` VALUES (17, 33, 2, 0, NULL, '我也想知道', '2025-12-09 19:43:45', 0, NULL);
INSERT INTO `comment` VALUES (18, 16, 5, 0, NULL, '说得好！', '2025-12-09 02:43:45', 0, NULL);
INSERT INTO `comment` VALUES (19, 33, 6, 0, NULL, '确实如此', '2025-12-17 15:43:45', 0, NULL);
INSERT INTO `comment` VALUES (20, 28, 2, 0, NULL, '加油！', '2025-12-05 16:43:45', 0, NULL);
INSERT INTO `comment` VALUES (21, 19, 5, 0, NULL, '我也遇到过这种情况', '2025-12-11 02:43:45', 0, NULL);
INSERT INTO `comment` VALUES (22, 29, 7, 0, NULL, '我也是这么想的', '2025-12-04 06:43:45', 0, NULL);
INSERT INTO `comment` VALUES (23, 28, 7, 0, NULL, '笑死我了', '2025-12-09 03:43:45', 0, NULL);
INSERT INTO `comment` VALUES (24, 34, 2, 0, NULL, '有意思', '2025-12-06 18:43:45', 0, NULL);
INSERT INTO `comment` VALUES (25, 16, 7, 0, NULL, '赞同', '2025-12-12 13:43:45', 0, NULL);
INSERT INTO `comment` VALUES (26, 36, 2, 0, NULL, '有意思', '2025-12-04 08:43:45', 0, NULL);
INSERT INTO `comment` VALUES (27, 37, 5, 0, NULL, '笑死我了', '2025-12-09 05:43:45', 0, NULL);
INSERT INTO `comment` VALUES (28, 14, 7, 0, NULL, '哈哈哈，太真实了', '2025-12-03 15:43:45', 0, NULL);
INSERT INTO `comment` VALUES (29, 34, 2, 0, NULL, '确实如此', '2025-12-17 18:43:45', 0, NULL);
INSERT INTO `comment` VALUES (30, 16, 5, 0, NULL, '说到心坎里了', '2025-12-08 19:43:45', 0, NULL);
INSERT INTO `comment` VALUES (31, 24, 7, 0, NULL, '加油！', '2025-12-18 03:43:45', 0, NULL);
INSERT INTO `comment` VALUES (32, 32, 2, 0, NULL, '有意思', '2025-12-06 10:43:45', 0, NULL);
INSERT INTO `comment` VALUES (33, 24, 6, 0, NULL, '说到心坎里了', '2025-12-10 09:43:45', 0, NULL);
INSERT INTO `comment` VALUES (34, 28, 2, 0, NULL, '赞同', '2025-12-10 06:43:45', 0, NULL);
INSERT INTO `comment` VALUES (35, 13, 5, 0, NULL, '我也是这么想的', '2025-12-03 21:43:45', 0, NULL);
INSERT INTO `comment` VALUES (36, 26, 5, 0, NULL, '说得好！', '2025-12-16 00:43:45', 0, NULL);
INSERT INTO `comment` VALUES (37, 6, 6, 0, NULL, '说到心坎里了', '2025-12-04 03:43:45', 0, NULL);
INSERT INTO `comment` VALUES (38, 33, 5, 0, NULL, '我也遇到过这种情况', '2025-12-12 22:43:45', 0, NULL);
INSERT INTO `comment` VALUES (39, 16, 2, 0, NULL, '太对了', '2025-12-09 10:43:45', 0, NULL);
INSERT INTO `comment` VALUES (40, 12, 5, 0, NULL, '有道理', '2025-12-07 19:43:45', 0, NULL);
INSERT INTO `comment` VALUES (41, 27, 6, 0, NULL, '赞同', '2025-12-07 18:43:45', 0, NULL);
INSERT INTO `comment` VALUES (42, 6, 2, 0, NULL, '太对了', '2025-12-14 03:43:45', 0, NULL);
INSERT INTO `comment` VALUES (43, 31, 2, 0, NULL, '说到心坎里了', '2025-12-08 15:43:45', 0, NULL);
INSERT INTO `comment` VALUES (44, 10, 5, 0, NULL, '我也遇到过这种情况', '2025-12-13 00:43:45', 0, NULL);
INSERT INTO `comment` VALUES (45, 24, 5, 0, NULL, '同感', '2025-12-16 08:43:45', 0, NULL);
INSERT INTO `comment` VALUES (46, 14, 6, 0, NULL, '加油！', '2025-12-16 12:43:45', 0, NULL);
INSERT INTO `comment` VALUES (47, 23, 7, 0, NULL, '加油！', '2025-12-16 10:43:45', 0, NULL);
INSERT INTO `comment` VALUES (48, 8, 7, 0, NULL, '说得好！', '2025-12-12 04:43:45', 0, NULL);
INSERT INTO `comment` VALUES (49, 12, 6, 0, NULL, '赞同', '2025-12-04 20:43:45', 0, NULL);
INSERT INTO `comment` VALUES (50, 12, 6, 0, NULL, '赞同', '2025-12-03 07:43:45', 0, NULL);
INSERT INTO `comment` VALUES (51, 34, 6, 0, NULL, '说得好！', '2025-12-10 09:43:45', 0, NULL);
INSERT INTO `comment` VALUES (52, 23, 2, 0, NULL, '太对了', '2025-12-10 22:43:45', 0, NULL);
INSERT INTO `comment` VALUES (53, 31, 6, 0, NULL, '支持！', '2025-12-18 18:43:45', 0, NULL);
INSERT INTO `comment` VALUES (54, 10, 7, 0, NULL, '太对了', '2025-12-04 06:43:45', 0, NULL);
INSERT INTO `comment` VALUES (55, 37, 6, 0, NULL, '说到心坎里了', '2025-12-10 17:43:45', 0, NULL);
INSERT INTO `comment` VALUES (56, 12, 7, 0, NULL, '有意思', '2025-12-03 11:43:45', 0, NULL);
INSERT INTO `comment` VALUES (57, 31, 5, 0, NULL, '有道理', '2025-12-13 14:43:45', 0, NULL);
INSERT INTO `comment` VALUES (58, 7, 7, 0, NULL, '有道理', '2025-12-03 00:43:45', 0, NULL);
INSERT INTO `comment` VALUES (59, 6, 6, 0, NULL, '笑死我了', '2025-12-11 20:43:45', 0, NULL);
INSERT INTO `comment` VALUES (60, 26, 5, 0, NULL, '有道理', '2025-12-12 20:43:45', 0, NULL);
INSERT INTO `comment` VALUES (61, 8, 7, 0, NULL, '支持！', '2025-12-04 18:43:45', 0, NULL);
INSERT INTO `comment` VALUES (62, 7, 6, 0, NULL, '我也遇到过这种情况', '2025-12-04 07:43:45', 0, NULL);
INSERT INTO `comment` VALUES (63, 29, 5, 0, NULL, '有道理', '2025-12-14 09:43:45', 0, NULL);
INSERT INTO `comment` VALUES (64, 34, 2, 0, NULL, '说得好！', '2025-12-14 06:43:45', 0, NULL);
INSERT INTO `comment` VALUES (65, 27, 2, 0, NULL, '加油！', '2025-12-12 10:43:45', 0, NULL);
INSERT INTO `comment` VALUES (66, 10, 6, 0, NULL, '有意思', '2025-12-13 23:43:45', 0, NULL);
INSERT INTO `comment` VALUES (67, 15, 7, 0, NULL, '我也遇到过这种情况', '2025-12-18 04:43:45', 0, NULL);
INSERT INTO `comment` VALUES (68, 35, 5, 0, NULL, '加油！', '2025-12-14 14:43:45', 0, NULL);
INSERT INTO `comment` VALUES (69, 13, 6, 0, NULL, '说得好！', '2025-12-15 13:43:45', 0, NULL);
INSERT INTO `comment` VALUES (70, 7, 2, 0, NULL, '支持！', '2025-12-07 02:43:45', 0, NULL);
INSERT INTO `comment` VALUES (71, 21, 2, 0, NULL, '笑死我了', '2025-12-17 12:43:45', 0, NULL);
INSERT INTO `comment` VALUES (72, 15, 7, 0, NULL, '笑死我了', '2025-12-12 19:43:45', 0, NULL);
INSERT INTO `comment` VALUES (73, 27, 7, 0, NULL, '我也是这么想的', '2025-12-04 05:43:45', 0, NULL);
INSERT INTO `comment` VALUES (74, 14, 2, 0, NULL, '赞同', '2025-12-05 12:43:45', 0, NULL);
INSERT INTO `comment` VALUES (75, 35, 5, 0, NULL, '说到心坎里了', '2025-12-09 12:43:45', 0, NULL);
INSERT INTO `comment` VALUES (76, 10, 6, 0, NULL, '说到心坎里了', '2025-12-10 07:43:45', 0, NULL);
INSERT INTO `comment` VALUES (77, 24, 6, 0, NULL, '赞同', '2025-12-14 02:43:45', 0, NULL);
INSERT INTO `comment` VALUES (78, 7, 5, 0, NULL, '有道理', '2025-12-15 04:43:45', 0, NULL);
INSERT INTO `comment` VALUES (79, 29, 2, 0, NULL, '加油！', '2025-12-17 10:43:45', 0, NULL);
INSERT INTO `comment` VALUES (80, 32, 6, 0, NULL, '确实如此', '2025-12-07 05:43:45', 0, NULL);
INSERT INTO `comment` VALUES (81, 35, 2, 0, NULL, '哈哈哈，太真实了', '2025-12-03 17:43:45', 0, NULL);
INSERT INTO `comment` VALUES (82, 37, 2, 0, NULL, '说到心坎里了', '2025-12-10 07:43:45', 0, NULL);
INSERT INTO `comment` VALUES (83, 23, 5, 0, NULL, '笑死我了', '2025-12-04 02:43:45', 0, NULL);
INSERT INTO `comment` VALUES (84, 21, 6, 0, NULL, '太对了', '2025-12-07 20:43:45', 0, NULL);
INSERT INTO `comment` VALUES (85, 26, 5, 0, NULL, '有道理', '2025-12-04 04:43:45', 0, NULL);
INSERT INTO `comment` VALUES (86, 10, 5, 0, NULL, '我也是这么想的', '2025-12-17 09:43:45', 0, NULL);
INSERT INTO `comment` VALUES (87, 18, 5, 0, NULL, '赞同', '2025-12-16 00:43:45', 0, NULL);
INSERT INTO `comment` VALUES (88, 16, 5, 0, NULL, '我也想知道', '2025-12-06 12:43:45', 0, NULL);
INSERT INTO `comment` VALUES (89, 26, 6, 0, NULL, '支持！', '2025-12-07 15:43:45', 0, NULL);
INSERT INTO `comment` VALUES (90, 12, 6, 0, NULL, '哈哈哈，太真实了', '2025-12-15 14:43:45', 0, NULL);
INSERT INTO `comment` VALUES (91, 8, 5, 0, NULL, '哈哈哈，太真实了', '2025-12-06 22:43:45', 0, NULL);
INSERT INTO `comment` VALUES (92, 10, 7, 0, NULL, '我也是这么想的', '2025-12-04 23:43:45', 0, NULL);
INSERT INTO `comment` VALUES (93, 12, 2, 0, NULL, '太对了', '2025-12-16 12:43:45', 0, NULL);
INSERT INTO `comment` VALUES (94, 17, 7, 0, NULL, '确实如此', '2025-12-09 21:43:45', 0, NULL);
INSERT INTO `comment` VALUES (95, 31, 7, 0, NULL, '我也是这么想的', '2025-12-05 00:43:45', 0, NULL);
INSERT INTO `comment` VALUES (96, 15, 7, 0, NULL, '笑死我了', '2025-12-04 10:43:45', 0, NULL);
INSERT INTO `comment` VALUES (97, 13, 7, 0, NULL, '笑死我了', '2025-12-16 12:43:45', 0, NULL);
INSERT INTO `comment` VALUES (98, 16, 5, 0, NULL, '说得好！', '2025-12-15 18:43:45', 0, NULL);
INSERT INTO `comment` VALUES (99, 18, 5, 0, NULL, '说得好！', '2025-12-12 05:43:45', 0, NULL);
INSERT INTO `comment` VALUES (100, 17, 7, 0, NULL, '笑死我了', '2025-12-11 08:43:45', 0, NULL);
INSERT INTO `comment` VALUES (101, 36, 2, 0, NULL, '赞同', '2025-12-07 10:43:45', 0, NULL);
INSERT INTO `comment` VALUES (102, 21, 7, 0, NULL, '太对了', '2025-12-18 07:43:45', 0, NULL);
INSERT INTO `comment` VALUES (103, 14, 7, 0, NULL, '我也遇到过这种情况', '2025-12-12 21:43:45', 0, NULL);
INSERT INTO `comment` VALUES (104, 7, 5, 0, NULL, '我也遇到过这种情况', '2025-12-18 14:43:45', 0, NULL);
INSERT INTO `comment` VALUES (105, 23, 2, 0, NULL, '支持！', '2025-12-16 06:43:45', 0, NULL);
INSERT INTO `comment` VALUES (106, 6, 2, 0, NULL, '我也是这么想的', '2025-12-12 11:43:45', 0, NULL);
INSERT INTO `comment` VALUES (107, 32, 7, 0, NULL, '太对了', '2025-12-10 16:43:45', 0, NULL);
INSERT INTO `comment` VALUES (108, 21, 7, 0, NULL, '太对了', '2025-12-11 04:18:32', 0, NULL);
INSERT INTO `comment` VALUES (109, 9, 7, 0, NULL, '确实如此', '2025-12-15 22:18:32', 0, NULL);
INSERT INTO `comment` VALUES (110, 41, 2, 0, NULL, '支持！', '2025-12-18 20:18:32', 0, NULL);
INSERT INTO `comment` VALUES (111, 33, 2, 0, NULL, '顶一个', '2025-12-15 21:18:32', 0, NULL);
INSERT INTO `comment` VALUES (112, 47, 6, 0, NULL, '笑死我了', '2025-12-14 04:18:32', 0, NULL);
INSERT INTO `comment` VALUES (113, 37, 2, 0, NULL, '同感', '2025-12-16 15:18:32', 0, NULL);
INSERT INTO `comment` VALUES (114, 14, 7, 0, NULL, '666', '2025-12-10 14:18:32', 0, NULL);
INSERT INTO `comment` VALUES (115, 57, 7, 0, NULL, '同感', '2025-12-17 11:18:32', 0, NULL);
INSERT INTO `comment` VALUES (116, 57, 6, 0, NULL, '厉害了', '2025-12-13 08:18:32', 0, NULL);
INSERT INTO `comment` VALUES (117, 41, 7, 0, NULL, '感谢分享', '2025-12-17 03:18:32', 0, NULL);
INSERT INTO `comment` VALUES (118, 34, 7, 0, NULL, '说到心坎里了', '2025-12-04 12:18:32', 0, NULL);
INSERT INTO `comment` VALUES (119, 49, 6, 0, NULL, '哈哈哈，太真实了', '2025-12-08 03:18:32', 0, NULL);
INSERT INTO `comment` VALUES (120, 21, 7, 0, NULL, '我也想知道', '2025-12-09 11:18:32', 0, NULL);
INSERT INTO `comment` VALUES (121, 24, 5, 0, NULL, '我也想知道', '2025-12-16 21:18:32', 0, NULL);
INSERT INTO `comment` VALUES (122, 57, 5, 0, NULL, '赞同', '2025-12-14 19:18:32', 0, NULL);
INSERT INTO `comment` VALUES (123, 48, 6, 0, NULL, '哈哈哈，太真实了', '2025-12-10 18:18:32', 0, NULL);
INSERT INTO `comment` VALUES (124, 39, 2, 0, NULL, '顶一个', '2025-12-18 13:18:32', 0, NULL);
INSERT INTO `comment` VALUES (125, 48, 7, 0, NULL, '顶一个', '2025-12-03 11:18:32', 0, NULL);
INSERT INTO `comment` VALUES (126, 32, 2, 0, NULL, '我也想知道', '2025-12-05 16:18:32', 0, NULL);
INSERT INTO `comment` VALUES (127, 48, 5, 0, NULL, '哈哈哈，太真实了', '2025-12-18 12:18:32', 0, NULL);
INSERT INTO `comment` VALUES (128, 21, 6, 0, NULL, '赞同', '2025-12-12 02:18:32', 0, NULL);
INSERT INTO `comment` VALUES (129, 6, 2, 0, NULL, '我也是这么想的', '2025-12-04 22:18:32', 0, NULL);
INSERT INTO `comment` VALUES (130, 12, 7, 0, NULL, '确实如此', '2025-12-17 04:18:32', 0, NULL);
INSERT INTO `comment` VALUES (131, 57, 2, 0, NULL, '笑死我了', '2025-12-04 03:18:32', 0, NULL);
INSERT INTO `comment` VALUES (132, 55, 6, 0, NULL, '有意思', '2025-12-08 18:18:32', 0, NULL);
INSERT INTO `comment` VALUES (133, 39, 5, 0, NULL, '顶一个', '2025-12-18 14:18:32', 0, NULL);
INSERT INTO `comment` VALUES (134, 20, 5, 0, NULL, '666', '2025-12-10 18:18:32', 0, NULL);
INSERT INTO `comment` VALUES (135, 7, 2, 0, NULL, '说到心坎里了', '2025-12-17 04:18:32', 0, NULL);
INSERT INTO `comment` VALUES (136, 43, 2, 0, NULL, '加油！', '2025-12-16 06:18:32', 0, NULL);
INSERT INTO `comment` VALUES (137, 42, 2, 0, NULL, '赞同', '2025-12-08 15:18:32', 0, NULL);
INSERT INTO `comment` VALUES (138, 42, 6, 0, NULL, '太对了', '2025-12-09 00:18:32', 0, NULL);
INSERT INTO `comment` VALUES (139, 29, 2, 0, NULL, '支持！', '2025-12-03 12:18:32', 0, NULL);
INSERT INTO `comment` VALUES (140, 41, 6, 0, NULL, '确实如此', '2025-12-10 00:18:32', 0, NULL);
INSERT INTO `comment` VALUES (141, 31, 2, 0, NULL, '感谢分享', '2025-12-10 06:18:32', 0, NULL);
INSERT INTO `comment` VALUES (142, 48, 7, 0, NULL, '说得好！', '2025-12-16 17:18:32', 0, NULL);
INSERT INTO `comment` VALUES (143, 13, 2, 0, NULL, '确实如此', '2025-12-10 07:18:32', 0, NULL);
INSERT INTO `comment` VALUES (144, 9, 7, 0, NULL, '有道理', '2025-12-04 02:18:32', 0, NULL);
INSERT INTO `comment` VALUES (145, 63, 2, 0, NULL, '笑死我了', '2025-12-12 19:18:32', 0, NULL);
INSERT INTO `comment` VALUES (146, 37, 2, 0, NULL, '我也是这么想的', '2025-12-18 12:18:32', 0, NULL);
INSERT INTO `comment` VALUES (147, 6, 5, 0, NULL, '太对了', '2025-12-17 12:18:32', 0, NULL);
INSERT INTO `comment` VALUES (148, 56, 2, 0, NULL, '太对了', '2025-12-06 21:18:32', 0, NULL);
INSERT INTO `comment` VALUES (149, 23, 7, 0, NULL, '有意思', '2025-12-15 03:18:32', 0, NULL);
INSERT INTO `comment` VALUES (150, 9, 2, 0, NULL, '我也遇到过这种情况', '2025-12-06 23:18:32', 0, NULL);
INSERT INTO `comment` VALUES (151, 35, 2, 0, NULL, '太对了', '2025-12-15 11:18:32', 0, NULL);
INSERT INTO `comment` VALUES (152, 6, 6, 0, NULL, '笑死我了', '2025-12-09 12:18:32', 0, NULL);
INSERT INTO `comment` VALUES (153, 52, 7, 0, NULL, '赞同', '2025-12-12 02:18:32', 0, NULL);
INSERT INTO `comment` VALUES (154, 38, 2, 0, NULL, '同感', '2025-12-12 02:18:32', 0, NULL);
INSERT INTO `comment` VALUES (155, 57, 2, 0, NULL, '感谢分享', '2025-12-09 03:18:32', 0, NULL);
INSERT INTO `comment` VALUES (156, 63, 7, 0, NULL, '太对了', '2025-12-08 14:18:32', 0, NULL);
INSERT INTO `comment` VALUES (157, 38, 6, 0, NULL, '学到了', '2025-12-15 07:18:32', 0, NULL);
INSERT INTO `comment` VALUES (158, 46, 7, 0, NULL, '太对了', '2025-12-09 22:18:32', 0, NULL);
INSERT INTO `comment` VALUES (159, 38, 7, 0, NULL, '哈哈哈，太真实了', '2025-12-05 00:18:32', 0, NULL);
INSERT INTO `comment` VALUES (160, 6, 7, 0, NULL, '我也是这么想的', '2025-12-02 23:18:32', 0, NULL);
INSERT INTO `comment` VALUES (161, 43, 6, 0, NULL, '太对了', '2025-12-10 20:18:32', 0, NULL);
INSERT INTO `comment` VALUES (162, 12, 2, 0, NULL, '说到心坎里了', '2025-12-04 05:18:32', 0, NULL);
INSERT INTO `comment` VALUES (163, 20, 2, 0, NULL, '有意思', '2025-12-11 06:18:32', 0, NULL);
INSERT INTO `comment` VALUES (164, 44, 5, 0, NULL, '说到心坎里了', '2025-12-07 12:18:32', 0, NULL);
INSERT INTO `comment` VALUES (165, 20, 5, 0, NULL, '支持！', '2025-12-16 11:18:32', 0, NULL);
INSERT INTO `comment` VALUES (166, 23, 2, 0, NULL, '支持！', '2025-12-14 14:18:32', 0, NULL);
INSERT INTO `comment` VALUES (167, 53, 7, 0, NULL, '确实如此', '2025-12-07 20:18:32', 0, NULL);
INSERT INTO `comment` VALUES (168, 41, 7, 0, NULL, '有道理', '2025-12-11 07:18:32', 0, NULL);
INSERT INTO `comment` VALUES (169, 49, 2, 0, NULL, '哈哈哈，太真实了', '2025-12-07 05:18:32', 0, NULL);
INSERT INTO `comment` VALUES (170, 55, 6, 0, NULL, '说到心坎里了', '2025-12-03 02:18:32', 0, NULL);
INSERT INTO `comment` VALUES (171, 56, 5, 0, NULL, '哈哈哈，太真实了', '2025-12-12 20:18:32', 0, NULL);
INSERT INTO `comment` VALUES (172, 40, 7, 0, NULL, '厉害了', '2025-12-17 03:18:32', 0, NULL);
INSERT INTO `comment` VALUES (173, 55, 7, 0, NULL, '我也遇到过这种情况', '2025-12-03 19:18:32', 0, NULL);
INSERT INTO `comment` VALUES (174, 43, 6, 0, NULL, '确实如此', '2025-12-06 18:18:32', 0, NULL);
INSERT INTO `comment` VALUES (175, 9, 6, 0, NULL, '我也想知道', '2025-12-05 10:18:32', 0, NULL);
INSERT INTO `comment` VALUES (176, 9, 5, 0, NULL, '确实如此', '2025-12-10 02:18:32', 0, NULL);
INSERT INTO `comment` VALUES (177, 37, 2, 0, NULL, '学到了', '2025-12-09 22:18:32', 0, NULL);
INSERT INTO `comment` VALUES (178, 9, 2, 0, NULL, '哈哈哈，太真实了', '2025-12-18 19:18:32', 0, NULL);
INSERT INTO `comment` VALUES (179, 42, 5, 0, NULL, '哈哈哈，太真实了', '2025-12-04 11:18:32', 0, NULL);
INSERT INTO `comment` VALUES (180, 66, 6, 0, NULL, '有道理', '2025-12-18 03:18:32', 0, NULL);
INSERT INTO `comment` VALUES (181, 31, 7, 0, NULL, '哈哈哈，太真实了', '2025-12-15 22:18:32', 0, NULL);
INSERT INTO `comment` VALUES (182, 23, 2, 0, NULL, '说得好！', '2025-12-08 09:18:32', 0, NULL);
INSERT INTO `comment` VALUES (183, 28, 7, 0, NULL, '说得好！', '2025-12-08 07:18:32', 0, NULL);
INSERT INTO `comment` VALUES (184, 46, 7, 0, NULL, '同感', '2025-12-12 04:18:32', 0, NULL);
INSERT INTO `comment` VALUES (185, 48, 7, 0, NULL, '厉害了', '2025-12-17 18:18:32', 0, NULL);
INSERT INTO `comment` VALUES (186, 10, 6, 0, NULL, '赞同', '2025-12-12 01:18:32', 0, NULL);
INSERT INTO `comment` VALUES (187, 29, 7, 0, NULL, '哈哈哈，太真实了', '2025-12-10 09:18:32', 0, NULL);
INSERT INTO `comment` VALUES (188, 18, 2, 0, NULL, '确实如此', '2025-12-13 15:18:32', 0, NULL);
INSERT INTO `comment` VALUES (189, 18, 2, 0, NULL, '顶一个', '2025-12-16 01:18:32', 0, NULL);
INSERT INTO `comment` VALUES (190, 47, 2, 0, NULL, '哈哈哈，太真实了', '2025-12-12 08:18:32', 0, NULL);
INSERT INTO `comment` VALUES (191, 7, 2, 0, NULL, '有意思', '2025-12-15 02:18:32', 0, NULL);
INSERT INTO `comment` VALUES (192, 57, 6, 0, NULL, '同感', '2025-12-14 02:18:32', 0, NULL);
INSERT INTO `comment` VALUES (193, 39, 2, 0, NULL, '说得好！', '2025-12-02 23:18:32', 0, NULL);
INSERT INTO `comment` VALUES (194, 39, 5, 0, NULL, '赞同', '2025-12-10 03:18:32', 0, NULL);
INSERT INTO `comment` VALUES (195, 29, 2, 0, NULL, '说得好！', '2025-12-14 01:18:32', 0, NULL);
INSERT INTO `comment` VALUES (196, 37, 7, 0, NULL, '顶一个', '2025-12-16 13:18:32', 0, NULL);
INSERT INTO `comment` VALUES (197, 39, 7, 0, NULL, '我也想知道', '2025-12-07 15:18:32', 0, NULL);
INSERT INTO `comment` VALUES (198, 15, 5, 0, NULL, '666', '2025-12-12 04:18:32', 0, NULL);
INSERT INTO `comment` VALUES (199, 26, 7, 0, NULL, '同感', '2025-12-05 13:18:32', 0, NULL);
INSERT INTO `comment` VALUES (200, 31, 5, 0, NULL, '顶一个', '2025-12-18 07:18:32', 0, NULL);
INSERT INTO `comment` VALUES (201, 40, 5, 0, NULL, '我也想知道', '2025-12-11 00:18:32', 0, NULL);
INSERT INTO `comment` VALUES (202, 33, 6, 0, NULL, '加油！', '2025-12-11 06:18:32', 0, NULL);
INSERT INTO `comment` VALUES (203, 36, 5, 0, NULL, '说到心坎里了', '2025-12-05 17:18:32', 0, NULL);
INSERT INTO `comment` VALUES (204, 48, 5, 0, NULL, '加油！', '2025-12-16 22:18:32', 0, NULL);
INSERT INTO `comment` VALUES (205, 36, 6, 0, NULL, '哈哈哈，太真实了', '2025-12-03 16:18:32', 0, NULL);
INSERT INTO `comment` VALUES (206, 63, 2, 0, NULL, '赞同', '2025-12-15 13:18:32', 0, NULL);
INSERT INTO `comment` VALUES (207, 16, 7, 0, NULL, '说得好！', '2025-12-11 10:18:32', 0, NULL);
INSERT INTO `comment` VALUES (208, 23, 2, 0, NULL, '测试评论 1768569073525', '2026-01-16 21:11:14', 0, NULL);
INSERT INTO `comment` VALUES (209, 23, 2, 0, NULL, '测试评论 1768569749345', '2026-01-16 21:22:29', 0, NULL);
INSERT INTO `comment` VALUES (210, 23, 2, 0, NULL, '测试评论 1768571065208', '2026-01-16 21:44:26', 0, NULL);
INSERT INTO `comment` VALUES (211, 7, 2, 0, NULL, '👍', '2026-01-16 22:14:03', 0, NULL);
INSERT INTO `comment` VALUES (212, 23, 2, 0, NULL, '测试评论 1768572986094', '2026-01-16 22:16:26', 0, NULL);
INSERT INTO `comment` VALUES (213, 73, 135, 0, NULL, 'nb兄弟！😁😁', '2026-01-19 21:01:36', 0, NULL);
INSERT INTO `comment` VALUES (214, 73, 135, 0, NULL, '😁', '2026-01-19 21:01:43', 0, NULL);
INSERT INTO `comment` VALUES (215, 73, 135, 0, NULL, '[图片]', '2026-01-19 21:01:50', 0, 'http://localhost:19090/files/135/20260119/1768827709195_bd5fa94a5c3b4368bab67d9f49fee3a7.jpg');
INSERT INTO `comment` VALUES (216, 76, 2, 0, NULL, '123', '2026-01-28 23:24:46', 0, NULL);
INSERT INTO `comment` VALUES (217, 76, 2, 216, 2, '123', '2026-01-28 23:24:54', 0, NULL);
INSERT INTO `comment` VALUES (218, 79, 2, 0, NULL, 'test comment content', '2026-03-09 21:15:25', 0, NULL);

-- ----------------------------
-- Table structure for drift_bottle
-- ----------------------------
DROP TABLE IF EXISTS `drift_bottle`;
CREATE TABLE `drift_bottle`  (
  `id` bigint NOT NULL AUTO_INCREMENT,
  `user_id` bigint NOT NULL COMMENT '投放者ID',
  `content` varchar(200) CHARACTER SET utf8mb4 COLLATE utf8mb4_0900_ai_ci NOT NULL COMMENT '瓶中内容',
  `direction` tinyint NOT NULL DEFAULT 1 COMMENT '1樱花海岸 2深海秘境 3星辰大海',
  `status` tinyint NOT NULL DEFAULT 0 COMMENT '0漂流中 1被打开 2被珍藏 3已沉没',
  `view_count` int NULL DEFAULT 0,
  `is_flagged` tinyint NULL DEFAULT 0,
  `create_time` datetime NULL DEFAULT CURRENT_TIMESTAMP,
  `expire_time` datetime NULL DEFAULT NULL,
  `is_anonymous` tinyint NULL DEFAULT 0 COMMENT '是否匿名（1:是, 0:否）',
  PRIMARY KEY (`id`) USING BTREE,
  INDEX `idx_bottle_status`(`status` ASC) USING BTREE,
  INDEX `idx_bottle_user`(`user_id` ASC) USING BTREE
) ENGINE = InnoDB AUTO_INCREMENT = 21 CHARACTER SET = utf8mb4 COLLATE = utf8mb4_0900_ai_ci COMMENT = '漂流瓶表' ROW_FORMAT = Dynamic;

-- ----------------------------
-- Records of drift_bottle
-- ----------------------------
INSERT INTO `drift_bottle` VALUES (1, 3, '今天在图书馆看到一个很可爱的女生，想认识她但不敢上前，希望这个瓶子能飘到她那里。', 1, 1, 1, 0, '2025-12-19 16:23:57', '2025-12-26 16:23:57', 0);
INSERT INTO `drift_bottle` VALUES (2, 5, '大学四年快结束了，有些话一直没说出口。如果时光能倒流，我一定会勇敢一点。', 1, 1, 3, 0, '2025-12-16 16:23:57', '2025-12-23 16:23:57', 0);
INSERT INTO `drift_bottle` VALUES (3, 7, '食堂三楼的那个学姐，你的笑容真的很治愈，每次看到你我的心情都会变好。', 1, 1, 3, 0, '2025-12-20 16:23:57', '2025-12-27 16:23:57', 0);
INSERT INTO `drift_bottle` VALUES (4, 2, '有时候觉得很孤独，想找个人说说话，但又不知道该对谁说。', 2, 1, 1, 0, '2025-12-18 16:23:57', '2025-12-25 16:23:57', 0);
INSERT INTO `drift_bottle` VALUES (5, 6, '最近压力好大，考试、论文、实习...感觉快要撑不住了。希望捡到这个瓶子的人能给我一些鼓励。', 2, 1, 5, 0, '2025-12-17 16:23:57', '2025-12-24 16:23:57', 0);
INSERT INTO `drift_bottle` VALUES (6, 4, '深夜emo时刻：为什么越长大越孤单？想念小时候无忧无虑的日子。', 2, 1, 1, 0, '2025-12-21 14:23:57', '2025-12-27 16:23:57', 0);
INSERT INTO `drift_bottle` VALUES (7, 3, '梦想是成为一名优秀的程序员，希望毕业后能进入大厂工作！加油！', 3, 1, 1, 0, '2025-12-20 16:23:57', '2025-12-27 16:23:57', 0);
INSERT INTO `drift_bottle` VALUES (8, 5, '想去看看外面的世界，想去西藏、想去新疆、想去所有美丽的地方。', 3, 1, 2, 0, '2025-12-15 16:23:57', '2025-12-22 16:23:57', 0);
INSERT INTO `drift_bottle` VALUES (9, 7, '希望毕业后能找到一份自己喜欢的工作，不为钱，只为热爱。', 3, 1, 3, 0, '2025-12-21 13:23:57', '2025-12-27 16:23:57', 0);
INSERT INTO `drift_bottle` VALUES (10, 2, 'cpdd你是唯一，测试用！', 1, 1, 1, 0, '2025-12-21 19:19:02', '2025-12-28 19:19:02', 0);
INSERT INTO `drift_bottle` VALUES (11, 108, '测试2026.1.16', 1, 1, 1, 0, '2026-01-16 16:03:44', '2026-01-23 16:03:44', 0);
INSERT INTO `drift_bottle` VALUES (15, 2, '1111111111111', 3, 2, 1, 0, '2026-01-16 22:23:19', '2026-01-23 22:23:19', 0);
INSERT INTO `drift_bottle` VALUES (16, 134, '明明', 1, 1, 1, 0, '2026-01-18 15:37:52', '2026-01-25 15:37:52', 0);
INSERT INTO `drift_bottle` VALUES (17, 18, '张家界学院，我喜欢你', 1, 2, 1, 0, '2026-01-19 12:09:12', '2026-01-26 12:09:12', 0);
INSERT INTO `drift_bottle` VALUES (18, 135, '测试数据，2026.1.19', 3, 0, 2, 0, '2026-01-19 21:00:09', '2026-01-26 21:00:09', 0);
INSERT INTO `drift_bottle` VALUES (19, 2, '1234567', 1, 0, 0, 0, '2026-01-28 23:25:39', '2026-02-04 23:25:39', 0);
INSERT INTO `drift_bottle` VALUES (20, 10, '测试回复功能！', 1, 0, 1, 0, '2026-04-04 18:24:46', '2026-04-11 18:24:46', 0);

-- ----------------------------
-- Table structure for hotword
-- ----------------------------
DROP TABLE IF EXISTS `hotword`;
CREATE TABLE `hotword`  (
  `id` bigint NOT NULL AUTO_INCREMENT,
  `name` varchar(10) CHARACTER SET utf8mb4 COLLATE utf8mb4_0900_ai_ci NOT NULL COMMENT '热词名称',
  `definition` varchar(200) CHARACTER SET utf8mb4 COLLATE utf8mb4_0900_ai_ci NOT NULL COMMENT '释义',
  `example` varchar(100) CHARACTER SET utf8mb4 COLLATE utf8mb4_0900_ai_ci NULL DEFAULT NULL COMMENT '例句',
  `tags` varchar(100) CHARACTER SET utf8mb4 COLLATE utf8mb4_0900_ai_ci NULL DEFAULT NULL COMMENT '标签，逗号分隔',
  `image_url` varchar(255) CHARACTER SET utf8mb4 COLLATE utf8mb4_0900_ai_ci NULL DEFAULT NULL COMMENT '配图URL',
  `user_id` bigint NOT NULL COMMENT '投稿者ID',
  `total_votes` int NULL DEFAULT 0 COMMENT '总票数',
  `status` tinyint NULL DEFAULT 1 COMMENT '状态：1-活跃，2-归档',
  `is_recommended` tinyint NULL DEFAULT 0 COMMENT '是否官方推荐',
  `create_time` datetime NULL DEFAULT CURRENT_TIMESTAMP,
  `last_vote_time` datetime NULL DEFAULT NULL COMMENT '最后投票时间',
  PRIMARY KEY (`id`) USING BTREE,
  INDEX `idx_status`(`status` ASC) USING BTREE,
  INDEX `idx_total_votes`(`total_votes` ASC) USING BTREE,
  INDEX `idx_user_id`(`user_id` ASC) USING BTREE,
  INDEX `idx_last_vote_time`(`last_vote_time` ASC) USING BTREE,
  INDEX `idx_create_time`(`create_time` ASC) USING BTREE
) ENGINE = InnoDB AUTO_INCREMENT = 10 CHARACTER SET = utf8mb4 COLLATE = utf8mb4_0900_ai_ci COMMENT = '热词表' ROW_FORMAT = Dynamic;

-- ----------------------------
-- Records of hotword
-- ----------------------------
INSERT INTO `hotword` VALUES (1, 'yyds', '永远的神，用来表达对某人或某事的极度赞美', '这个老师讲课yyds！', '网络用语,赞美', NULL, 3, 20, 1, 1, '2025-12-11 16:23:57', '2026-04-05 22:46:18');
INSERT INTO `hotword` VALUES (2, 'emo', '情绪化，通常指情绪低落、抑郁的状态', '今天又emo了，不想说话', '情绪,心情', NULL, 5, 16, 1, 1, '2025-12-13 16:23:57', '2026-01-28 23:29:18');
INSERT INTO `hotword` VALUES (3, '内卷', '指非理性的内部竞争，大家都很努力但整体收益没有提高', '最近学习太内卷了，压力好大', '校园,学习', NULL, 2, 18, 1, 1, '2025-12-14 16:23:57', '2025-12-21 15:23:57');
INSERT INTO `hotword` VALUES (4, '摆烂', '自暴自弃，不再努力', '这学期我选择摆烂', '心态,生活', NULL, 7, 10, 1, 1, '2025-12-15 16:23:57', '2025-12-18 16:23:57');
INSERT INTO `hotword` VALUES (5, '破防', '心理防线被突破，情绪失控', '看到这个视频我直接破防了', '情绪,网络用语', NULL, 4, 13, 1, 0, '2025-12-16 16:23:57', '2026-03-13 23:14:19');
INSERT INTO `hotword` VALUES (6, '张院', '张家界学院', '暂无', '校园日常', 'http://localhost:19090/files/132/20260116/1768571374041_0ec14870eca94fe7916633800f272353.png', 132, 0, 1, 0, '2026-01-16 21:49:42', NULL);
INSERT INTO `hotword` VALUES (7, '大白鹅', '校长的大白鹅', NULL, '老师梗', NULL, 2, 4, 1, 0, '2026-01-16 21:55:43', '2026-01-19 21:01:06');
INSERT INTO `hotword` VALUES (8, 'yyds', '永远的神！', NULL, '其他', 'http://localhost:19090/files/1/20260313/1773414801998_980b725a32154f17931b18a60f3fb804.png', 1, 0, 1, 0, '2026-03-13 23:13:25', NULL);

-- ----------------------------
-- Table structure for hotword_daily_quota
-- ----------------------------
DROP TABLE IF EXISTS `hotword_daily_quota`;
CREATE TABLE `hotword_daily_quota`  (
  `id` bigint NOT NULL AUTO_INCREMENT,
  `user_id` bigint NOT NULL COMMENT '用户ID',
  `vote_date` date NOT NULL COMMENT '投票日期',
  `remaining_votes` int NULL DEFAULT 5 COMMENT '剩余票数',
  PRIMARY KEY (`id`) USING BTREE,
  UNIQUE INDEX `uk_user_date`(`user_id` ASC, `vote_date` ASC) USING BTREE
) ENGINE = InnoDB AUTO_INCREMENT = 11 CHARACTER SET = utf8mb4 COLLATE = utf8mb4_0900_ai_ci COMMENT = '每日投票配额表' ROW_FORMAT = Dynamic;

-- ----------------------------
-- Records of hotword_daily_quota
-- ----------------------------
INSERT INTO `hotword_daily_quota` VALUES (10, 10, '2026-04-05', 0);

-- ----------------------------
-- Table structure for hotword_vote
-- ----------------------------
DROP TABLE IF EXISTS `hotword_vote`;
CREATE TABLE `hotword_vote`  (
  `id` bigint NOT NULL AUTO_INCREMENT,
  `hotword_id` bigint NOT NULL COMMENT '热词ID',
  `user_id` bigint NOT NULL COMMENT '投票用户ID',
  `vote_count` int NOT NULL COMMENT '投票数（1或2）',
  `create_time` datetime NULL DEFAULT CURRENT_TIMESTAMP,
  PRIMARY KEY (`id`) USING BTREE,
  INDEX `idx_hotword_id`(`hotword_id` ASC) USING BTREE,
  INDEX `idx_user_id`(`user_id` ASC) USING BTREE,
  INDEX `idx_create_time`(`create_time` ASC) USING BTREE
) ENGINE = InnoDB AUTO_INCREMENT = 48 CHARACTER SET = utf8mb4 COLLATE = utf8mb4_0900_ai_ci COMMENT = '投票记录表' ROW_FORMAT = Dynamic;

-- ----------------------------
-- Records of hotword_vote
-- ----------------------------
INSERT INTO `hotword_vote` VALUES (1, 1, 3, 2, '2025-12-12 16:23:57');
INSERT INTO `hotword_vote` VALUES (2, 1, 5, 1, '2025-12-13 16:23:57');
INSERT INTO `hotword_vote` VALUES (3, 1, 7, 2, '2025-12-14 16:23:57');
INSERT INTO `hotword_vote` VALUES (4, 1, 2, 1, '2025-12-15 16:23:57');
INSERT INTO `hotword_vote` VALUES (5, 1, 6, 2, '2025-12-16 16:23:57');
INSERT INTO `hotword_vote` VALUES (6, 1, 4, 2, '2025-12-17 16:23:57');
INSERT INTO `hotword_vote` VALUES (7, 1, 3, 2, '2025-12-18 16:23:57');
INSERT INTO `hotword_vote` VALUES (8, 1, 5, 2, '2025-12-20 16:23:57');
INSERT INTO `hotword_vote` VALUES (9, 2, 5, 2, '2025-12-14 16:23:57');
INSERT INTO `hotword_vote` VALUES (10, 2, 3, 1, '2025-12-15 16:23:57');
INSERT INTO `hotword_vote` VALUES (11, 2, 7, 2, '2025-12-16 16:23:57');
INSERT INTO `hotword_vote` VALUES (12, 2, 2, 1, '2025-12-17 16:23:57');
INSERT INTO `hotword_vote` VALUES (13, 2, 6, 2, '2025-12-18 16:23:57');
INSERT INTO `hotword_vote` VALUES (14, 2, 4, 2, '2025-12-19 16:23:57');
INSERT INTO `hotword_vote` VALUES (15, 2, 3, 2, '2025-12-19 16:23:57');
INSERT INTO `hotword_vote` VALUES (16, 3, 2, 2, '2025-12-15 16:23:57');
INSERT INTO `hotword_vote` VALUES (17, 3, 3, 2, '2025-12-16 16:23:57');
INSERT INTO `hotword_vote` VALUES (18, 3, 5, 2, '2025-12-17 16:23:57');
INSERT INTO `hotword_vote` VALUES (19, 3, 7, 2, '2025-12-18 16:23:57');
INSERT INTO `hotword_vote` VALUES (20, 3, 6, 2, '2025-12-19 16:23:57');
INSERT INTO `hotword_vote` VALUES (21, 3, 4, 2, '2025-12-20 16:23:57');
INSERT INTO `hotword_vote` VALUES (22, 3, 3, 2, '2025-12-21 15:23:57');
INSERT INTO `hotword_vote` VALUES (23, 4, 7, 2, '2025-12-16 16:23:57');
INSERT INTO `hotword_vote` VALUES (24, 4, 3, 1, '2025-12-17 16:23:57');
INSERT INTO `hotword_vote` VALUES (25, 4, 5, 2, '2025-12-18 16:23:57');
INSERT INTO `hotword_vote` VALUES (26, 4, 2, 2, '2025-12-18 16:23:57');
INSERT INTO `hotword_vote` VALUES (27, 4, 6, 1, '2025-12-18 16:23:57');
INSERT INTO `hotword_vote` VALUES (28, 5, 4, 2, '2025-12-17 16:23:57');
INSERT INTO `hotword_vote` VALUES (29, 5, 3, 1, '2025-12-17 16:23:57');
INSERT INTO `hotword_vote` VALUES (30, 5, 5, 2, '2025-12-17 16:23:57');
INSERT INTO `hotword_vote` VALUES (31, 5, 7, 1, '2025-12-17 16:23:57');
INSERT INTO `hotword_vote` VALUES (32, 2, 135, 1, '2026-01-19 21:00:35');
INSERT INTO `hotword_vote` VALUES (33, 7, 135, 1, '2026-01-19 21:01:02');
INSERT INTO `hotword_vote` VALUES (34, 7, 135, 1, '2026-01-19 21:01:03');
INSERT INTO `hotword_vote` VALUES (35, 7, 135, 1, '2026-01-19 21:01:03');
INSERT INTO `hotword_vote` VALUES (36, 7, 135, 1, '2026-01-19 21:01:06');
INSERT INTO `hotword_vote` VALUES (37, 2, 2, 1, '2026-01-28 23:29:17');
INSERT INTO `hotword_vote` VALUES (38, 2, 2, 1, '2026-01-28 23:29:18');
INSERT INTO `hotword_vote` VALUES (39, 2, 2, 1, '2026-01-28 23:29:18');
INSERT INTO `hotword_vote` VALUES (40, 5, 1, 2, '2026-03-13 23:14:14');
INSERT INTO `hotword_vote` VALUES (41, 5, 1, 2, '2026-03-13 23:14:17');
INSERT INTO `hotword_vote` VALUES (42, 5, 1, 1, '2026-03-13 23:14:19');
INSERT INTO `hotword_vote` VALUES (43, 1, 10, 1, '2026-04-05 22:46:14');
INSERT INTO `hotword_vote` VALUES (44, 1, 10, 1, '2026-04-05 22:46:15');
INSERT INTO `hotword_vote` VALUES (45, 1, 10, 1, '2026-04-05 22:46:15');
INSERT INTO `hotword_vote` VALUES (46, 1, 10, 1, '2026-04-05 22:46:16');
INSERT INTO `hotword_vote` VALUES (47, 1, 10, 1, '2026-04-05 22:46:18');

-- ----------------------------
-- Table structure for interaction
-- ----------------------------
DROP TABLE IF EXISTS `interaction`;
CREATE TABLE `interaction`  (
  `id` bigint NOT NULL AUTO_INCREMENT,
  `post_id` bigint NOT NULL,
  `user_id` bigint NOT NULL,
  `type` tinyint(1) NOT NULL COMMENT '1:点赞, 2:收藏',
  `create_time` datetime NULL DEFAULT CURRENT_TIMESTAMP,
  PRIMARY KEY (`id`) USING BTREE,
  UNIQUE INDEX `uk_inter`(`post_id` ASC, `user_id` ASC, `type` ASC) USING BTREE
) ENGINE = InnoDB AUTO_INCREMENT = 1 CHARACTER SET = utf8mb4 COLLATE = utf8mb4_0900_ai_ci ROW_FORMAT = DYNAMIC;

-- ----------------------------
-- Records of interaction
-- ----------------------------

-- ----------------------------
-- Table structure for location_stats
-- ----------------------------
DROP TABLE IF EXISTS `location_stats`;
CREATE TABLE `location_stats`  (
  `id` bigint NOT NULL AUTO_INCREMENT,
  `location_name` varchar(100) CHARACTER SET utf8mb4 COLLATE utf8mb4_0900_ai_ci NOT NULL COMMENT '位置名称',
  `lng` decimal(10, 6) NULL DEFAULT NULL COMMENT '经度',
  `lat` decimal(10, 6) NULL DEFAULT NULL COMMENT '纬度',
  `post_count` int NULL DEFAULT 0 COMMENT '帖子数量',
  `like_count` int NULL DEFAULT 0 COMMENT '总点赞数',
  `category` int NULL DEFAULT 1 COMMENT '分类(1:表白)',
  `update_time` datetime NULL DEFAULT CURRENT_TIMESTAMP ON UPDATE CURRENT_TIMESTAMP,
  PRIMARY KEY (`id`) USING BTREE,
  UNIQUE INDEX `uk_location_cat`(`location_name` ASC, `category` ASC) USING BTREE
) ENGINE = InnoDB CHARACTER SET = utf8mb4 COLLATE = utf8mb4_0900_ai_ci COMMENT = '地理位置统计表' ROW_FORMAT = DYNAMIC;

-- ----------------------------
-- Records of location_stats
-- ----------------------------

-- ----------------------------
-- Table structure for paragraph_like
-- ----------------------------
DROP TABLE IF EXISTS `paragraph_like`;
CREATE TABLE `paragraph_like`  (
  `id` bigint NOT NULL AUTO_INCREMENT COMMENT '点赞ID',
  `paragraph_id` bigint NOT NULL COMMENT '段落ID',
  `user_id` bigint NOT NULL COMMENT '用户ID',
  `create_time` datetime NULL DEFAULT CURRENT_TIMESTAMP COMMENT '点赞时间',
  PRIMARY KEY (`id`) USING BTREE,
  UNIQUE INDEX `uk_paragraph_user`(`paragraph_id` ASC, `user_id` ASC) USING BTREE,
  INDEX `idx_like_user`(`user_id` ASC) USING BTREE,
  CONSTRAINT `fk_like_paragraph` FOREIGN KEY (`paragraph_id`) REFERENCES `story_paragraph` (`id`) ON DELETE CASCADE ON UPDATE RESTRICT
) ENGINE = InnoDB AUTO_INCREMENT = 31 CHARACTER SET = utf8mb4 COLLATE = utf8mb4_0900_ai_ci COMMENT = '段落点赞表' ROW_FORMAT = DYNAMIC;

-- ----------------------------
-- Records of paragraph_like
-- ----------------------------
INSERT INTO `paragraph_like` VALUES (1, 1, 5, '2025-12-16 16:23:57');
INSERT INTO `paragraph_like` VALUES (2, 1, 7, '2025-12-16 16:23:57');
INSERT INTO `paragraph_like` VALUES (3, 1, 2, '2025-12-17 16:23:57');
INSERT INTO `paragraph_like` VALUES (4, 2, 3, '2025-12-17 16:23:57');
INSERT INTO `paragraph_like` VALUES (5, 2, 7, '2025-12-17 16:23:57');
INSERT INTO `paragraph_like` VALUES (6, 2, 2, '2025-12-18 16:23:57');
INSERT INTO `paragraph_like` VALUES (7, 2, 6, '2025-12-18 16:23:57');
INSERT INTO `paragraph_like` VALUES (8, 2, 4, '2025-12-18 16:23:57');
INSERT INTO `paragraph_like` VALUES (9, 3, 5, '2025-12-18 16:23:57');
INSERT INTO `paragraph_like` VALUES (10, 3, 2, '2025-12-19 16:23:57');
INSERT INTO `paragraph_like` VALUES (11, 4, 3, '2025-12-19 16:23:57');
INSERT INTO `paragraph_like` VALUES (12, 5, 7, '2025-12-20 16:23:57');
INSERT INTO `paragraph_like` VALUES (13, 6, 3, '2025-12-17 16:23:57');
INSERT INTO `paragraph_like` VALUES (14, 6, 5, '2025-12-18 16:23:57');
INSERT INTO `paragraph_like` VALUES (15, 7, 2, '2025-12-18 16:23:57');
INSERT INTO `paragraph_like` VALUES (16, 7, 4, '2025-12-19 16:23:57');
INSERT INTO `paragraph_like` VALUES (17, 7, 7, '2025-12-19 16:23:57');
INSERT INTO `paragraph_like` VALUES (18, 8, 3, '2025-12-19 16:23:57');
INSERT INTO `paragraph_like` VALUES (19, 8, 5, '2025-12-20 16:23:57');
INSERT INTO `paragraph_like` VALUES (20, 9, 6, '2025-12-18 16:23:57');
INSERT INTO `paragraph_like` VALUES (21, 9, 3, '2025-12-19 16:23:57');
INSERT INTO `paragraph_like` VALUES (22, 10, 5, '2025-12-19 16:23:57');
INSERT INTO `paragraph_like` VALUES (23, 11, 2, '2025-12-20 16:23:57');
INSERT INTO `paragraph_like` VALUES (29, 10006, 18, '2026-01-19 12:53:27');

-- ----------------------------
-- Table structure for post
-- ----------------------------
DROP TABLE IF EXISTS `post`;
CREATE TABLE `post`  (
  `id` bigint NOT NULL AUTO_INCREMENT,
  `user_id` bigint NOT NULL,
  `content` text CHARACTER SET utf8mb4 COLLATE utf8mb4_0900_ai_ci NOT NULL,
  `images` text CHARACTER SET utf8mb4 COLLATE utf8mb4_0900_ai_ci NULL COMMENT '图片路径JSON数组(兼容逗号分隔旧格式)',
  `category` tinyint NULL DEFAULT 1 COMMENT '1:表白, 2:寻物, 3:闲置, 4:吐槽, 5:活动',
  `is_anonymous` tinyint(1) NULL DEFAULT 0 COMMENT '1:匿名',
  `visibility` tinyint(1) NULL DEFAULT 0 COMMENT '0:公开, 1:仅自己',
  `end_time` datetime NULL DEFAULT NULL COMMENT '活动结束时间',
  `view_count` int NULL DEFAULT 0,
  `status` tinyint(1) NULL DEFAULT 1 COMMENT '0:待审, 1:通过, 2:驳回',
  `create_time` datetime NULL DEFAULT CURRENT_TIMESTAMP,
  `reward` decimal(10, 2) NULL DEFAULT 0.00,
  `deadline` datetime NULL DEFAULT NULL,
  `like_count` int NULL DEFAULT 0 COMMENT '点赞数',
  `comment_count` int NULL DEFAULT 0 COMMENT '评论数',
  `share_count` int NULL DEFAULT 0 COMMENT '分享数',
  `poll_options` json NULL COMMENT '投票选项JSON',
  `poll_end_time` datetime NULL DEFAULT NULL COMMENT '投票截止时间',
  `tags` varchar(500) CHARACTER SET utf8mb4 COLLATE utf8mb4_0900_ai_ci NULL DEFAULT NULL COMMENT '标签JSON数组',
  `scheduled_time` datetime NULL DEFAULT NULL COMMENT '定时发布时间',
  `location` varchar(255) CHARACTER SET utf8mb4 COLLATE utf8mb4_0900_ai_ci NULL DEFAULT NULL COMMENT '地理位置',
  `video` varchar(500) CHARACTER SET utf8mb4 COLLATE utf8mb4_0900_ai_ci NULL DEFAULT NULL COMMENT '视频地址',
  `is_ai_assisted` tinyint(1) NOT NULL DEFAULT 0 COMMENT '是否使用AI润色',
  PRIMARY KEY (`id`) USING BTREE,
  INDEX `idx_post_status_time`(`status` ASC, `create_time` DESC) USING BTREE,
  INDEX `idx_post_category`(`category` ASC) USING BTREE,
  INDEX `idx_post_user`(`user_id` ASC) USING BTREE,
  INDEX `idx_user_id`(`user_id` ASC) USING BTREE,
  INDEX `idx_category`(`category` ASC) USING BTREE,
  INDEX `idx_create_time`(`create_time` ASC) USING BTREE,
  INDEX `idx_status`(`status` ASC) USING BTREE
) ENGINE = InnoDB AUTO_INCREMENT = 84 CHARACTER SET = utf8mb4 COLLATE = utf8mb4_0900_ai_ci ROW_FORMAT = DYNAMIC;

-- ----------------------------
-- Records of post
-- ----------------------------
INSERT INTO `post` VALUES (7, 3, '嘿，朋友们，第一次在这里写下这些字，心里还真有点小小的紧张呢。就像推开一扇陌生的门，不知道门后会是怎样的风景。指尖在键盘上停留了片刻，终于还是鼓起勇气，让这些文字轻轻落在屏幕上。希望从今天起，能在这里遇见温暖的故事，和有趣的灵魂。', '', 9, 0, 0, NULL, 12, 1, '2025-12-10 22:47:43', NULL, NULL, 5, 10, 0, NULL, NULL, '[\"吐槽\"]', NULL, '紫荆园 附近', '', 0);
INSERT INTO `post` VALUES (8, 7, '致那个在操场跑步的男生：你的笑容真的很治愈，希望有机会认识你。', '[\"http://localhost:3000/files/1749701939663-\\u6d3b\\u52a8-\\u6821\\u56ed\\u6b4c\\u624b.jpg\"]', 1, 0, 0, NULL, 334, 1, '2025-11-28 12:43:44', 0.00, NULL, 4, 3, 0, NULL, NULL, '[\"\\u8fd0\\u52a8\", \"\\u6c42\\u52a9\"]', NULL, '教学楼A栋', NULL, 0);
INSERT INTO `post` VALUES (9, 5, '丢失了一个蓝色保温杯，在篮球场附近，如有拾到请联系我，谢谢！', '[\"http://localhost:3000/files/1749701939663-\\u6d3b\\u52a8-\\u6821\\u56ed\\u6b4c\\u624b.jpg\"]', 2, 0, 0, NULL, 51, 1, '2025-11-19 16:43:44', 0.00, NULL, 4, 7, 0, NULL, NULL, NULL, NULL, '紫荆园 附近', NULL, 0);
INSERT INTO `post` VALUES (10, 5, '丢失了一个蓝色保温杯，在篮球场附近，如有拾到请联系我，谢谢！', NULL, 2, 0, 0, NULL, 446, 1, '2025-11-24 12:43:44', 0.00, NULL, 4, 8, 0, NULL, NULL, '[\"\\u5a31\\u4e50\"]', NULL, '宿舍楼', NULL, 0);
INSERT INTO `post` VALUES (11, 6, '【志愿者招募】学校图书馆需要志愿者，有意者请报名，有志愿时长证明！', NULL, 5, 0, 0, NULL, 474, 1, '2025-11-23 03:43:44', 0.00, NULL, 0, 0, 0, NULL, NULL, '[\"\\u5a31\\u4e50\", \"\\u7f8e\\u98df\"]', NULL, '教学楼B栋', NULL, 0);
INSERT INTO `post` VALUES (12, 7, '【寻物】在食堂丢失了一把宿舍钥匙，钥匙扣是一只小熊，拾到者请联系我！', '[\"http://localhost:3000/files/1749711070464-\\u7f8e\\u5973.jpg\", \"http://localhost:3000/files/1761888427958-\\u5fae\\u4fe1\\u56fe\\u7247_20231102182319.jpg\"]', 2, 0, 0, NULL, 286, 1, '2025-11-19 01:43:44', 0.00, NULL, 4, 8, 0, NULL, NULL, '[\"\\u5a31\\u4e50\"]', NULL, NULL, NULL, 0);
INSERT INTO `post` VALUES (13, 6, '转让一台二手笔记本电脑，配置还不错，适合日常学习使用，价格可议！', NULL, 3, 0, 0, NULL, 421, 1, '2025-12-11 13:43:44', 0.00, NULL, 4, 4, 0, NULL, NULL, '[\"\\u8fd0\\u52a8\", \"\\u5b66\\u4e60\", \"\\u8868\\u767d\"]', NULL, NULL, NULL, 0);
INSERT INTO `post` VALUES (14, 6, '【讲座通知】本周四晚上7点，学术报告厅，著名教授讲座，欢迎参加！', NULL, 5, 1, 0, NULL, 78, 1, '2025-12-07 00:43:44', 0.00, NULL, 4, 5, 0, NULL, NULL, NULL, NULL, NULL, NULL, 0);
INSERT INTO `post` VALUES (15, 5, '【讲座通知】本周四晚上7点，学术报告厅，著名教授讲座，欢迎参加！', '[\"http://localhost:3000/files/1749701939663-\\u6d3b\\u52a8-\\u6821\\u56ed\\u6b4c\\u624b.jpg\"]', 5, 0, 0, NULL, 178, 1, '2025-12-13 01:43:44', 0.00, NULL, 4, 4, 0, NULL, NULL, '[\"\\u6d3b\\u52a8\", \"\\u5b66\\u4e60\"]', NULL, '教学楼B栋', NULL, 0);
INSERT INTO `post` VALUES (16, 2, '暗恋了你三年，今天终于鼓起勇气说出来。如果你也喜欢我，请回复我吧！', NULL, 1, 0, 0, NULL, 375, 1, '2025-12-06 17:43:44', 0.00, NULL, 4, 7, 0, NULL, NULL, '[\"\\u6821\\u56ed\\u751f\\u6d3b\"]', NULL, '食堂', NULL, 0);
INSERT INTO `post` VALUES (17, 5, '【志愿者招募】学校图书馆需要志愿者，有意者请报名，有志愿时长证明！', NULL, 5, 1, 0, NULL, 369, 1, '2025-11-21 14:43:44', 0.00, NULL, 4, 2, 0, NULL, NULL, '[\"\\u95f2\\u7f6e\", \"\\u8868\\u767d\", \"\\u7f8e\\u98df\"]', NULL, NULL, NULL, 0);
INSERT INTO `post` VALUES (18, 6, '【篮球赛】计算机学院VS经管学院，本周六下午3点，操场见！', '[\"http://localhost:3000/files/1749711070464-\\u7f8e\\u5973.jpg\"]', 5, 0, 0, NULL, 31, 1, '2025-12-02 03:43:44', 0.00, NULL, 4, 4, 0, NULL, NULL, '[\"\\u95f2\\u7f6e\"]', NULL, '教学楼A栋', NULL, 0);
INSERT INTO `post` VALUES (19, 6, '丢失了一个蓝色保温杯，在篮球场附近，如有拾到请联系我，谢谢！', NULL, 2, 0, 0, NULL, 457, 1, '2025-12-17 20:43:44', 0.00, NULL, 4, 2, 0, NULL, NULL, '[\"\\u5410\\u69fd\"]', NULL, NULL, NULL, 0);
INSERT INTO `post` VALUES (20, 2, '【求助】谁有《高等数学》的课件？急需，谢谢！', '[\"http://localhost:3000/files/1749701939663-\\u6d3b\\u52a8-\\u6821\\u56ed\\u6b4c\\u624b.jpg\"]', 6, 0, 0, NULL, 204, 1, '2025-12-08 15:43:44', 0.00, NULL, 4, 4, 0, NULL, NULL, '[\"\\u95f2\\u7f6e\"]', NULL, '篮球场', NULL, 0);
INSERT INTO `post` VALUES (21, 6, '学校的快递点能不能多开几个窗口？每次取快递都要排长队！', NULL, 4, 0, 0, NULL, 87, 1, '2025-11-30 17:43:44', 0.00, NULL, 4, 6, 0, NULL, NULL, '[\"\\u6821\\u56ed\\u751f\\u6d3b\", \"\\u6d3b\\u52a8\"]', NULL, '图书馆', NULL, 0);
INSERT INTO `post` VALUES (22, 6, '图书馆的空调能不能开大一点？夏天热得要命，根本学不进去！', NULL, 4, 1, 0, NULL, 405, 1, '2025-12-07 02:43:44', 0.00, NULL, 0, 0, 0, NULL, NULL, '[\"\\u7f8e\\u98df\", \"\\u6d3b\\u52a8\", \"\\u5410\\u69fd\"]', NULL, NULL, NULL, 0);
INSERT INTO `post` VALUES (23, 7, '转让一台二手笔记本电脑，配置还不错，适合日常学习使用，价格可议！', '[\"http://localhost:3000/files/1749701939663-\\u6d3b\\u52a8-\\u6821\\u56ed\\u6b4c\\u624b.jpg\"]', 3, 0, 0, NULL, 165, 1, '2025-12-17 21:43:44', 0.00, NULL, 4, 11, 0, NULL, NULL, '[\"\\u95f2\\u7f6e\", \"\\u6821\\u56ed\\u751f\\u6d3b\", \"\\u5410\\u69fd\"]', NULL, NULL, NULL, 0);
INSERT INTO `post` VALUES (24, 6, '【寻物启事】今天在教学楼A栋丢失了一个黑色钱包，里面有身份证和银行卡，如有拾到请联系我，必有重谢！', NULL, 2, 0, 0, NULL, 158, 1, '2025-12-13 17:43:44', 0.00, NULL, 4, 6, 0, NULL, NULL, '[\"\\u95f2\\u7f6e\", \"\\u5a31\\u4e50\", \"\\u6821\\u56ed\\u751f\\u6d3b\"]', NULL, '食堂', NULL, 0);
INSERT INTO `post` VALUES (25, 6, '求推荐一个好用的学习APP，最近想提高英语水平。', '[\"http://localhost:3000/files/1761888427958-\\u5fae\\u4fe1\\u56fe\\u7247_20231102182319.jpg\", \"http://localhost:3000/files/1749711070464-\\u7f8e\\u5973.jpg\", \"http://localhost:3000/files/1749701939663-\\u6d3b\\u52a8-\\u6821\\u56ed\\u6b4c\\u624b.jpg\"]', 6, 1, 0, NULL, 303, 1, '2025-11-27 13:43:44', 0.00, NULL, 0, 0, 0, NULL, NULL, '[\"\\u7f8e\\u98df\"]', NULL, '紫荆园 附近', NULL, 0);
INSERT INTO `post` VALUES (26, 5, '【求助】有没有人愿意一起组队参加比赛？需要会编程的小伙伴！', NULL, 6, 0, 0, NULL, 433, 1, '2025-11-22 13:43:44', 0.00, NULL, 4, 5, 0, NULL, NULL, NULL, NULL, '紫荆园 附近', NULL, 0);
INSERT INTO `post` VALUES (27, 6, '致那个在操场跑步的男生：你的笑容真的很治愈，希望有机会认识你。', '[\"http://localhost:3000/files/1749711070464-\\u7f8e\\u5973.jpg\", \"http://localhost:3000/files/1749701939663-\\u6d3b\\u52a8-\\u6821\\u56ed\\u6b4c\\u624b.jpg\"]', 1, 1, 0, NULL, 274, 1, '2025-11-29 17:43:44', 0.00, NULL, 4, 3, 0, NULL, NULL, '[\"\\u95f2\\u7f6e\", \"\\u6d3b\\u52a8\", \"\\u6821\\u56ed\\u751f\\u6d3b\"]', NULL, '食堂', NULL, 0);
INSERT INTO `post` VALUES (28, 2, '食堂的饭菜又涨价了，学生党表示吃不起啊！😭', '[\"http://localhost:3000/files/1749711070464-\\u7f8e\\u5973.jpg\", \"http://localhost:3000/files/1761888427958-\\u5fae\\u4fe1\\u56fe\\u7247_20231102182319.jpg\"]', 4, 1, 0, NULL, 191, 1, '2025-12-09 08:43:44', 0.00, NULL, 4, 4, 0, NULL, NULL, '[\"\\u5410\\u69fd\"]', NULL, '教学楼A栋', NULL, 0);
INSERT INTO `post` VALUES (29, 6, '【求助】有没有人愿意一起组队参加比赛？需要会编程的小伙伴！', NULL, 6, 0, 0, NULL, 113, 1, '2025-12-04 11:43:44', 0.00, NULL, 4, 7, 0, NULL, NULL, '[\"\\u5b66\\u4e60\"]', NULL, '图书馆', NULL, 0);
INSERT INTO `post` VALUES (30, 5, '【求助】有没有人愿意一起组队参加比赛？需要会编程的小伙伴！', '[\"http://localhost:3000/files/1749711070464-\\u7f8e\\u5973.jpg\", \"http://localhost:3000/files/1761888427958-\\u5fae\\u4fe1\\u56fe\\u7247_20231102182319.jpg\", \"http://localhost:3000/files/1749701939663-\\u6d3b\\u52a8-\\u6821\\u56ed\\u6b4c\\u624b.jpg\"]', 6, 1, 0, NULL, 32, 1, '2025-11-23 02:43:44', 0.00, NULL, 0, 0, 0, NULL, NULL, NULL, NULL, NULL, NULL, 0);
INSERT INTO `post` VALUES (31, 7, '【求助】有没有人愿意一起组队参加比赛？需要会编程的小伙伴！', '[\"http://localhost:3000/files/1749701939663-\\u6d3b\\u52a8-\\u6821\\u56ed\\u6b4c\\u624b.jpg\", \"http://localhost:3000/files/1749711070464-\\u7f8e\\u5973.jpg\"]', 6, 0, 0, NULL, 27, 1, '2025-11-20 14:43:44', 0.00, NULL, 4, 7, 0, NULL, NULL, NULL, NULL, '食堂', NULL, 0);
INSERT INTO `post` VALUES (32, 6, '昨天在操场丢失了一副黑框眼镜，对我很重要，如果有人捡到请联系我！', '[\"http://localhost:3000/files/1749701939663-\\u6d3b\\u52a8-\\u6821\\u56ed\\u6b4c\\u624b.jpg\"]', 2, 0, 0, NULL, 96, 1, '2025-12-14 03:43:44', 0.00, NULL, 4, 5, 0, NULL, NULL, NULL, NULL, '食堂', NULL, 0);
INSERT INTO `post` VALUES (33, 2, '学校的快递点能不能多开几个窗口？每次取快递都要排长队！', NULL, 4, 0, 0, NULL, 39, 1, '2025-11-29 14:43:44', 0.00, NULL, 4, 6, 0, NULL, NULL, NULL, NULL, NULL, NULL, 0);
INSERT INTO `post` VALUES (34, 5, '【篮球赛】计算机学院VS经管学院，本周六下午3点，操场见！', '[\"http://localhost:3000/files/1749701939663-\\u6d3b\\u52a8-\\u6821\\u56ed\\u6b4c\\u624b.jpg\"]', 5, 1, 0, NULL, 94, 1, '2025-11-24 14:43:44', 0.00, NULL, 4, 5, 0, NULL, NULL, '[\"\\u95f2\\u7f6e\", \"\\u5410\\u69fd\"]', NULL, '操场', NULL, 0);
INSERT INTO `post` VALUES (35, 6, '今天在图书馆看到你，阳光透过窗户洒在你身上，那一刻我的心跳加速了。不知道你有没有注意到我？', NULL, 1, 0, 0, NULL, 103, 1, '2025-12-07 14:43:44', 0.00, NULL, 4, 5, 0, NULL, NULL, NULL, NULL, NULL, NULL, 0);
INSERT INTO `post` VALUES (36, 7, '想对计算机学院的那个女生说：每次上课看到你认真做笔记的样子，我都觉得特别美好。', NULL, 1, 1, 0, NULL, 461, 1, '2025-12-02 08:43:44', 0.00, NULL, 4, 4, 0, NULL, NULL, '[\"\\u8fd0\\u52a8\", \"\\u5b66\\u4e60\"]', NULL, '宿舍楼', NULL, 0);
INSERT INTO `post` VALUES (37, 5, '学校的快递点能不能多开几个窗口？每次取快递都要排长队！', NULL, 4, 0, 0, NULL, 170, 1, '2025-12-10 20:43:44', 0.00, NULL, 4, 7, 0, NULL, NULL, NULL, NULL, '紫荆园 附近', NULL, 0);
INSERT INTO `post` VALUES (38, 6, '在体育馆丢失了一个黑色背包，里面有笔记本电脑和课本，拾到者必有重谢！', NULL, 2, 0, 0, NULL, 45, 1, '2025-11-19 01:18:32', 0.00, NULL, 4, 3, 0, NULL, NULL, '[\"\\u8868\\u767d\", \"\\u7f8e\\u98df\", \"\\u5206\\u4eab\"]', NULL, '篮球场', NULL, 0);
INSERT INTO `post` VALUES (39, 7, '每次在食堂遇见你，我都会故意走你那条路。今天终于鼓起勇气来表白了！💕', NULL, 1, 0, 0, NULL, 435, 1, '2025-12-10 12:18:32', 0.00, NULL, 4, 5, 0, NULL, NULL, '[\"\\u5206\\u4eab\", \"\\u95f2\\u7f6e\"]', NULL, NULL, NULL, 0);
INSERT INTO `post` VALUES (40, 6, '【求助】有没有人愿意一起组队参加比赛？需要会编程的小伙伴！', '[\"http://localhost:3000/files/1749711070464-\\u7f8e\\u5973.jpg\", \"http://localhost:3000/files/1761888427958-\\u5fae\\u4fe1\\u56fe\\u7247_20231102182319.jpg\", \"http://localhost:3000/files/1749701939663-\\u6d3b\\u52a8-\\u6821\\u56ed\\u6b4c\\u624b.jpg\"]', 6, 0, 0, NULL, 386, 1, '2025-12-16 14:18:32', 0.00, NULL, 4, 2, 0, NULL, NULL, '[\"\\u7f8e\\u98df\", \"\\u6821\\u56ed\\u751f\\u6d3b\", \"\\u5410\\u69fd\"]', NULL, '教学楼B栋', NULL, 0);
INSERT INTO `post` VALUES (41, 6, '【求助】谁有《高等数学》的课件？急需，谢谢！', '[\"http://localhost:3000/files/1749701939663-\\u6d3b\\u52a8-\\u6821\\u56ed\\u6b4c\\u624b.jpg\", \"http://localhost:3000/files/1761888427958-\\u5fae\\u4fe1\\u56fe\\u7247_20231102182319.jpg\"]', 6, 1, 0, NULL, 52, 1, '2025-11-28 10:18:32', 0.00, NULL, 4, 4, 0, NULL, NULL, NULL, NULL, NULL, NULL, 0);
INSERT INTO `post` VALUES (42, 6, '暗恋了你三年，今天终于鼓起勇气说出来。如果你也喜欢我，请回复我吧！', '[\"http://localhost:3000/files/1761888427958-\\u5fae\\u4fe1\\u56fe\\u7247_20231102182319.jpg\", \"http://localhost:3000/files/1749711070464-\\u7f8e\\u5973.jpg\"]', 1, 0, 0, NULL, 274, 1, '2025-12-06 06:18:32', 0.00, NULL, 4, 3, 0, NULL, NULL, NULL, NULL, '宿舍楼', NULL, 0);
INSERT INTO `post` VALUES (43, 6, '宿舍楼的网速太慢了，打个游戏都卡成PPT，什么时候能升级一下？', '[\"http://localhost:3000/files/1749701939663-\\u6d3b\\u52a8-\\u6821\\u56ed\\u6b4c\\u624b.jpg\"]', 4, 1, 0, NULL, 266, 1, '2025-12-08 12:18:32', 0.00, NULL, 4, 3, 0, NULL, NULL, NULL, NULL, NULL, NULL, 0);
INSERT INTO `post` VALUES (44, 7, '转让全新耳机，音质超好，原价299，现价150，有意者私聊！', '[\"http://localhost:3000/files/1749711070464-\\u7f8e\\u5973.jpg\", \"http://localhost:3000/files/1749701939663-\\u6d3b\\u52a8-\\u6821\\u56ed\\u6b4c\\u624b.jpg\", \"http://localhost:3000/files/1761888427958-\\u5fae\\u4fe1\\u56fe\\u7247_20231102182319.jpg\"]', 3, 0, 0, NULL, 445, 1, '2025-11-23 08:18:32', 0.00, NULL, 3, 1, 0, NULL, NULL, '[\"\\u8fd0\\u52a8\", \"\\u6d3b\\u52a8\", \"\\u5410\\u69fd\"]', NULL, '食堂', NULL, 0);
INSERT INTO `post` VALUES (45, 6, '毕业甩卖：自行车、台灯、书籍等，价格美丽，先到先得！', '[\"http://localhost:3000/files/1761888427958-\\u5fae\\u4fe1\\u56fe\\u7247_20231102182319.jpg\"]', 3, 0, 0, NULL, 63, 1, '2025-12-16 05:18:32', 0.00, NULL, 4, 0, 0, NULL, NULL, '[\"\\u5a31\\u4e50\", \"\\u65e5\\u5e38\"]', NULL, '紫荆园 附近', NULL, 0);
INSERT INTO `post` VALUES (46, 7, '昨天在操场丢失了一副黑框眼镜，对我很重要，如果有人捡到请联系我！', NULL, 2, 0, 0, NULL, 490, 1, '2025-12-16 10:18:32', 0.00, NULL, 4, 2, 0, NULL, NULL, '[\"\\u5b66\\u4e60\", \"\\u5206\\u4eab\", \"\\u65e5\\u5e38\"]', NULL, '教学楼A栋', NULL, 0);
INSERT INTO `post` VALUES (47, 5, '【闲置转让】台式电脑主机，i5处理器，8G内存，适合学习办公，价格实惠！', '[\"http://localhost:3000/files/1749711070464-\\u7f8e\\u5973.jpg\", \"http://localhost:3000/files/1749701939663-\\u6d3b\\u52a8-\\u6821\\u56ed\\u6b4c\\u624b.jpg\"]', 3, 0, 0, NULL, 288, 1, '2025-11-19 08:18:32', 0.00, NULL, 4, 2, 0, NULL, NULL, NULL, NULL, NULL, NULL, 0);
INSERT INTO `post` VALUES (48, 5, '每次在食堂遇见你，我都会故意走你那条路。今天终于鼓起勇气来表白了！💕', '[\"http://localhost:3000/files/1749711070464-\\u7f8e\\u5973.jpg\", \"http://localhost:3000/files/1749701939663-\\u6d3b\\u52a8-\\u6821\\u56ed\\u6b4c\\u624b.jpg\"]', 1, 0, 0, NULL, 365, 1, '2025-12-15 16:18:32', 0.00, NULL, 3, 6, 0, NULL, NULL, '[\"\\u8fd0\\u52a8\", \"\\u8868\\u767d\", \"\\u7f8e\\u98df\"]', NULL, '学生活动中心', NULL, 0);
INSERT INTO `post` VALUES (49, 2, '【寻物】在食堂丢失了一把宿舍钥匙，钥匙扣是一只小熊，拾到者请联系我！', '[\"http://localhost:3000/files/1761888427958-\\u5fae\\u4fe1\\u56fe\\u7247_20231102182319.jpg\", \"http://localhost:3000/files/1749711070464-\\u7f8e\\u5973.jpg\"]', 2, 1, 0, NULL, 40, 1, '2025-12-16 01:18:32', 0.00, NULL, 4, 2, 0, NULL, NULL, '[\"\\u5b66\\u4e60\"]', NULL, NULL, NULL, 0);
INSERT INTO `post` VALUES (50, 5, '【志愿者招募】学校图书馆需要志愿者，有意者请报名，有志愿时长证明！', '[\"http://localhost:3000/files/1749701939663-\\u6d3b\\u52a8-\\u6821\\u56ed\\u6b4c\\u624b.jpg\", \"http://localhost:3000/files/1761888427958-\\u5fae\\u4fe1\\u56fe\\u7247_20231102182319.jpg\"]', 5, 1, 0, NULL, 394, 1, '2025-12-14 00:18:32', 0.00, NULL, 4, 0, 0, NULL, NULL, NULL, NULL, '校门口', NULL, 0);
INSERT INTO `post` VALUES (51, 6, '你知道吗？每次听到你的声音，我的世界都会变得明亮起来。', '[\"http://localhost:3000/files/1749701939663-\\u6d3b\\u52a8-\\u6821\\u56ed\\u6b4c\\u624b.jpg\", \"http://localhost:3000/files/1749711070464-\\u7f8e\\u5973.jpg\", \"http://localhost:3000/files/1761888427958-\\u5fae\\u4fe1\\u56fe\\u7247_20231102182319.jpg\"]', 1, 1, 0, NULL, 377, 1, '2025-12-07 19:18:32', 0.00, NULL, 4, 0, 0, NULL, NULL, '[\"\\u5b66\\u4e60\", \"\\u5a31\\u4e50\"]', NULL, NULL, NULL, 0);
INSERT INTO `post` VALUES (52, 5, '丢失了一个蓝色保温杯，在篮球场附近，如有拾到请联系我，谢谢！', '[\"http://localhost:3000/files/1749701939663-\\u6d3b\\u52a8-\\u6821\\u56ed\\u6b4c\\u624b.jpg\", \"http://localhost:3000/files/1761888427958-\\u5fae\\u4fe1\\u56fe\\u7247_20231102182319.jpg\"]', 2, 0, 0, NULL, 89, 1, '2025-12-01 05:18:32', 0.00, NULL, 4, 1, 0, NULL, NULL, '[\"\\u5b66\\u4e60\", \"\\u8868\\u767d\", \"\\u6821\\u56ed\\u751f\\u6d3b\"]', NULL, '宿舍楼', NULL, 0);
INSERT INTO `post` VALUES (53, 7, '学校的快递点能不能多开几个窗口？每次取快递都要排长队！', '[\"http://localhost:3000/files/1749711070464-\\u7f8e\\u5973.jpg\", \"http://localhost:3000/files/1761888427958-\\u5fae\\u4fe1\\u56fe\\u7247_20231102182319.jpg\"]', 4, 0, 0, NULL, 330, 1, '2025-12-15 00:18:32', 0.00, NULL, 4, 1, 0, NULL, NULL, '[\"\\u6821\\u56ed\\u751f\\u6d3b\", \"\\u5b66\\u4e60\"]', NULL, NULL, NULL, 0);
INSERT INTO `post` VALUES (54, 5, '【讲座通知】本周四晚上7点，学术报告厅，著名教授讲座，欢迎参加！', NULL, 5, 0, 0, NULL, 484, 1, '2025-11-24 13:18:32', 0.00, NULL, 2, 0, 0, NULL, NULL, '[\"\\u65e5\\u5e38\", \"\\u6c42\\u52a9\"]', NULL, '操场', NULL, 0);
INSERT INTO `post` VALUES (55, 7, '【文艺晚会】学院文艺晚会节目征集中，有才艺的同学快来报名！', '[\"http://localhost:3000/files/1761888427958-\\u5fae\\u4fe1\\u56fe\\u7247_20231102182319.jpg\", \"http://localhost:3000/files/1749701939663-\\u6d3b\\u52a8-\\u6821\\u56ed\\u6b4c\\u624b.jpg\", \"http://localhost:3000/files/1749711070464-\\u7f8e\\u5973.jpg\"]', 5, 1, 0, NULL, 182, 1, '2025-12-06 17:18:32', 0.00, NULL, 4, 3, 0, NULL, NULL, '[\"\\u5206\\u4eab\", \"\\u5410\\u69fd\"]', NULL, '宿舍楼', NULL, 0);
INSERT INTO `post` VALUES (56, 2, '【求助】有没有人愿意一起组队参加比赛？需要会编程的小伙伴！', '[\"http://localhost:3000/files/1749701939663-\\u6d3b\\u52a8-\\u6821\\u56ed\\u6b4c\\u624b.jpg\", \"http://localhost:3000/files/1761888427958-\\u5fae\\u4fe1\\u56fe\\u7247_20231102182319.jpg\", \"http://localhost:3000/files/1749711070464-\\u7f8e\\u5973.jpg\"]', 6, 1, 0, NULL, 357, 1, '2025-11-21 19:18:32', 0.00, NULL, 4, 2, 0, NULL, NULL, '[\"\\u7f8e\\u98df\", \"\\u95f2\\u7f6e\", \"\\u5206\\u4eab\"]', NULL, '教学楼B栋', NULL, 0);
INSERT INTO `post` VALUES (57, 7, '丢失了一个蓝色保温杯，在篮球场附近，如有拾到请联系我，谢谢！', NULL, 2, 0, 0, NULL, 146, 1, '2025-12-01 18:18:32', 0.00, NULL, 3, 6, 0, NULL, NULL, NULL, NULL, '学生活动中心', NULL, 0);
INSERT INTO `post` VALUES (58, 2, '学校食堂的饭菜真T.M.D难吃，还这么贵！', NULL, 2, 0, 0, NULL, 0, 1, '2025-12-17 02:18:32', 0.00, NULL, 0, 0, 0, NULL, NULL, NULL, NULL, NULL, NULL, 0);
INSERT INTO `post` VALUES (59, 2, '这个傻逼老师讲课太差了，完全听不懂！', NULL, 3, 0, 0, NULL, 0, 1, '2025-12-15 18:18:32', 0.00, NULL, 0, 0, 0, NULL, NULL, NULL, NULL, NULL, NULL, 0);
INSERT INTO `post` VALUES (60, 6, '出售各种发票，增值税发票、普通发票都有！', NULL, 2, 0, 0, NULL, 0, 1, '2025-12-17 16:18:32', 0.00, NULL, 0, 0, 0, NULL, NULL, NULL, NULL, NULL, NULL, 0);
INSERT INTO `post` VALUES (61, 5, '学校食堂的饭菜真T.M.D难吃，还这么贵！', NULL, 6, 0, 0, NULL, 0, 1, '2025-12-13 06:18:32', 0.00, NULL, 0, 0, 0, NULL, NULL, NULL, NULL, NULL, NULL, 0);
INSERT INTO `post` VALUES (63, 7, '【垃圾广告】各种证件办理，身份证、毕业证、学位证都可以办！', NULL, 1, 0, 0, NULL, 57, 1, '2025-12-11 15:18:32', 0.00, NULL, 4, 3, 0, NULL, NULL, NULL, NULL, NULL, NULL, 0);
INSERT INTO `post` VALUES (64, 7, '【广告】专业代写论文，包过，价格优惠，联系QQ：123456789', NULL, 5, 0, 0, NULL, 97, 1, '2025-12-15 06:18:32', 0.00, NULL, 0, 0, 0, NULL, NULL, NULL, NULL, NULL, NULL, 0);
INSERT INTO `post` VALUES (65, 5, '【推广】最新网赚项目，躺着赚钱，月入过万不是梦！', NULL, 5, 0, 0, NULL, 21, 1, '2025-12-15 23:18:32', 0.00, NULL, 2, 0, 0, NULL, NULL, NULL, NULL, NULL, NULL, 0);
INSERT INTO `post` VALUES (66, 6, '【垃圾广告】各种证件办理，身份证、毕业证、学位证都可以办！', NULL, 1, 0, 0, NULL, 22, 1, '2025-12-13 16:18:32', 0.00, NULL, 4, 1, 0, NULL, NULL, NULL, NULL, NULL, NULL, 0);
INSERT INTO `post` VALUES (67, 5, '出售考试答案，各科都有，保证准确，需要的联系我！', NULL, 3, 0, 0, NULL, 12, 1, '2025-12-11 03:18:32', 0.00, NULL, 0, 0, 0, NULL, NULL, NULL, NULL, NULL, NULL, 0);
INSERT INTO `post` VALUES (72, 9, '期末考试出差了，还好没挂科，谢谢老师捞我！', '', 9, 0, 0, NULL, 0, 1, '2026-01-17 13:31:17', NULL, NULL, 1, 0, 0, NULL, NULL, '[\"活动\",\"校园生活\"]', NULL, '会展中心地铁站E口', '', 0);
INSERT INTO `post` VALUES (73, 134, '那些看似枯燥的数字背后，藏着我们最真实的模样。\n\n记得吗？那些在深夜实验室里闪烁的屏幕，那些被反复验证的假设，那些用红笔圈出的异常值——它们不只是冷冰冰的测试数据，而是我们青春里最执着的注脚。每一次点击“运行”，心跳都会跟着进度条一起跳动；每一次看到理想中的曲线浮现，那种喜悦比任何分数都来得真切。\n\n我常常觉得，这些数据是有温度的。它们记得你熬红的双眼，记得你灵光一现的欢呼，也记得你推倒重来的勇气。当别人只看到最终报告上完美的图表时，只有我们自己知道，每一个小数点都承载着故事。\n\n或许很多年后，我们会忘记具体的数值，但一定会记得那个为了一个异常值较劲到天亮的自己，记得和队友为了算法争得面红耳赤又相视而笑的午后，记得第一次跑出预期结果时，整个实验室的欢呼声穿透了夜晚的寂静。\n\n这些数据啊，它们是我们用时间、汗子和一点点天真浇筑而成的纪念碑。不华丽，不煽情，却忠实地记录着我们如何笨拙而认真地，试图触碰这个世界的真相。\n\n所以当你再看到那些表格和图表时，不妨多看一秒——那里面跳动的，是我们最滚烫的年轻。', '[\"http://localhost:19090/files/134/20260118/1768721730719_46df298cc6eb454c9bff4926b19779e7.png\"]', 9, 0, 0, NULL, 2, 1, '2026-01-18 15:35:50', NULL, NULL, 2, 3, 1, NULL, NULL, '[\"吐槽\"]', NULL, '岗厦村 附近', 'http://localhost:19090/files/134/20260118/1768721726060_1c01db8d0b17402a9fbe64b535068f9a.webm', 0);
INSERT INTO `post` VALUES (74, 135, '这不仅仅是一次简单的测试，更像是一场精心准备的相遇。我们想让你看见，那些藏在代码背后的温柔与可能——就像翻开一本新书的扉页，字里行间都藏着等待被发现的星光。\n\n在这里，每一个功能都像是一扇微微敞开的窗，窗外有我们为你悄悄栽种的小小花园。或许此刻它只是初绽的嫩芽，但我们相信，当你走近时，会听见花朵轻轻呼吸的声音，会看见露珠在叶尖闪烁的晨光。\n\n这不仅仅是为了展示什么，更是为了说：你看，美好的事物正在生长，而你是第一个见证它绽放的人。', '[\"http://localhost:19090/files/135/20260119/1768827489290_aa73021bf85b4fa4b9a3fa37b54ddf6b.jpg\"]', 1, 0, 0, NULL, 0, 1, '2026-01-19 20:58:14', NULL, NULL, 0, 0, 0, NULL, NULL, '[\"校园生活\",\"吐槽\",\"美食\",\"学习\"]', NULL, '皇岗', '', 0);
INSERT INTO `post` VALUES (75, 2, '期末成绩单终于揭晓的那一刻，我屏住呼吸点开了页面——所有科目都安然通过了。心里那块悬了许久的石头，终于轻轻落了地。窗外的阳光忽然变得格外温柔，连书桌上那盆许久未浇水的绿萝，仿佛也在这一刻舒展了叶子。\n喜欢扣1，不喜欢扣2\n\n其实自己心里清楚，有几门课学得并不扎实，考前那些手忙脚乱的深夜，笔记本上密密麻麻却未必成体系的知识点，都让我暗自忐忑。此刻看着成绩单上那些及格的数字，除了庆幸，更多的是感激。想起老师课上那些反复强调的重点，想起答疑时他们不厌其烦的讲解，甚至最后那几节复习课上，他们有意无意看向我们这些“边缘学生”的眼神——现在想来，那里面藏着多少善意的提醒与期待。\n\n这大概就是大学里最温暖的时刻吧：你在学业的山路上跌跌撞撞，以为自己就要滑落时，总有一双手轻轻托你一把。那些看似严厉的要求，那些让你头疼的作业，原来都是老师们默默铺就的台阶。他们或许不会说太多温柔的话，却在最关键的时刻，用最专业的方式守护着每一个努力向上的灵魂。\n\n合上电脑，我在心里轻声说了句谢谢。谢谢所有不曾放弃我们的老师，也谢谢那个就算磕磕绊绊也没有彻底放弃的自己。这个夏天，终于可以安心地，让风吹过来了。', '', 6, 0, 0, NULL, 1, 1, '2026-01-20 11:53:32', NULL, NULL, 0, 0, 0, '[\"1\", \"2\"]', '2026-01-21 09:50:00', '[\"校园生活\"]', NULL, '', '', 0);
INSERT INTO `post` VALUES (76, 2, '我望着屏幕上那串数字，指尖在键盘上悬停了许久。12312343243234——它们像一串密码，又像某种神秘的韵律，在光标后静静闪烁。\n\n不知怎的，这组数字让我想起校园里梧桐树下的光影。午后阳光穿过枝叶，在地上投下明明暗暗的斑点，风一吹，那些光斑就跳跃着重新排列组合，像极了这串数字里隐藏的节奏。第一个“123”轻快得像晨跑时的脚步声，接着的“123”稍作停顿，仿佛在转角处遇见熟人时的那声问候。而后面的“43243234”则绵延开来，像极了图书馆闭馆时，同学们陆续离开时拖长的影子。\n\n或许数字本身没有意义，是我们赋予了它们温度。就像校园里那些平凡的日子，上课铃、食堂窗口的编号、宿舍房间的门牌——当某天你突然要离开时，这些数字都会变成记忆的坐标，在心底泛起温柔的涟漪。\n\n我轻轻按下了回车键。让这串数字去吧，它会遇见懂得倾听的人，会在某个相似的午后，在另一个人的屏幕上，开出一小朵回忆的花。', '', 9, 0, 0, NULL, 8, 1, '2026-01-28 23:23:34', NULL, NULL, 0, 2, 1, NULL, NULL, '[\"校园生活\"]', NULL, '市民广场 附近', '', 0);
INSERT INTO `post` VALUES (77, 12, '定时发布15:14发布', '', 9, 0, 0, NULL, 0, 1, '2026-02-03 15:12:23', NULL, NULL, 0, 0, 0, NULL, NULL, '[\"求助\"]', '2026-02-03 15:13:00', '', '', 0);
INSERT INTO `post` VALUES (78, 12, '定时测试：15:55发布', '', 9, 0, 0, NULL, 0, 1, '2026-02-03 15:55:00', NULL, NULL, 0, 0, 0, NULL, NULL, '[\"表白墙\"]', '2026-02-03 15:55:00', '', '', 0);
INSERT INTO `post` VALUES (79, 2, 'test post content', '', 1, 0, 0, NULL, 1, 1, '2026-03-09 21:11:14', NULL, NULL, 1, 1, 0, NULL, NULL, NULL, NULL, '', '', 0);
INSERT INTO `post` VALUES (81, 16, '敏感词测试！\n***\n***', '', 4, 0, 0, NULL, 1, 1, '2026-03-24 22:10:30', NULL, NULL, 0, 0, 0, NULL, NULL, NULL, NULL, '', '', 0);
INSERT INTO `post` VALUES (82, 10, '当代码遇见诗行：给AI标注者的温柔提醒\n\n亲爱的标注伙伴们：\n\n不知你是否和我一样，在无数个与数据相伴的深夜，偶尔会停下敲击键盘的手指，望着屏幕上那些等待被标记的字符出神——它们像是散落在数字原野上的星子，静候着人类目光的温柔触碰。\n\n这工作看似是与冰冷数据的对话，实则是一场跨越维度的共情练习。每一个标签的落下，都是我们为机器世界注入的一缕人性微光。我常想，当未来的某天，某个AI系统因为我们的标注而更懂人类的悲欢时，那该是怎样动人的时刻。\n\n标注不只是技术活，更是创作。就像画家在空白画布上落下第一笔色彩，我们的每一次判断都在塑造着AI认知世界的轮廓。那些细微的语义差别，那些难以言传的情感层次，都需要我们以最敏锐的感知去捕捉、去定义。\n\n或许你会觉得重复的工作让人疲惫，但请记得，正是这看似平凡的坚持，正在悄悄改变着人机对话的边界。每一个被精心标注的样本，都可能成为未来某个温暖对话的起点，成为让技术更懂人心的关键转折。\n\n让我们继续这份带着温度的工作吧。在标注时，不妨多停留片刻，想象这些数据背后可能连接的真实人生——它们可能是远方某人的求助，是深夜孤独者的倾诉，是创作者灵感的火花。我们的用心，终将在某个未知的节点，绽放出意想不到的意义。\n\n标注不只是标注，是我们写给未来智能世界的一封封情书。字里行间，都是人类对机器最诚挚的教导，也是最深情的托付。\n\n共勉之。', '', 5, 0, 0, NULL, 0, 1, '2026-04-06 21:03:05', NULL, NULL, 0, 0, 0, NULL, NULL, NULL, NULL, '', '', 0);
INSERT INTO `post` VALUES (83, 46, '当指尖轻触屏幕，那些由算法编织的文字便如星子般散落——我们正在做的，是赋予机器以温度的眼睛。\n\n这或许不像实验室里精密的仪器校准，也不似书斋中严谨的文本校雠。它更像是在初春的清晨，轻轻拂去花瓣上细微的露珠，让每一片纹理都清晰起来；又像是在深秋的黄昏，为飘落的枫叶调一抹更暖的色泽。我们俯身在这些由0与1构筑的田野上，细心埋下理解的种子。\n\n有时我会想，这何尝不是一种温柔的对话呢？我们教会AI辨认人间的悲欢、草木的枯荣、诗句的平仄，而它们也以某种奇特的方式，映照出我们自身——那些潜藏在逻辑之下的诗意，那些被理性包裹的感性微光。\n\n标注不再只是冰冷的分类与标记。当一串代码学会了识别晚霞的渐变，当一段程序开始理解乡愁的质地，这项工作便有了别样的重量。我们正在搭建的，或许是一座横跨两种思维方式的桥梁：一端是严谨有序的数字世界，另一端，则是人类心灵那片永远湿润、永远悸动的原野。\n\n屏幕的光映在眼底，像小小的萤火。每一个被细心调整的标签，都可能在未来某个时刻，让机器更懂得倾听人类心跳的节拍。这过程本身，就美得动人。', '', 6, 0, 0, NULL, 0, 1, '2026-04-06 21:13:34', NULL, NULL, 0, 0, 0, NULL, NULL, NULL, NULL, '', '', 1);

-- ----------------------------
-- Table structure for post_vote
-- ----------------------------
DROP TABLE IF EXISTS `post_vote`;
CREATE TABLE `post_vote`  (
  `id` bigint NOT NULL AUTO_INCREMENT,
  `post_id` bigint NOT NULL,
  `user_id` bigint NOT NULL,
  `option_index` int NOT NULL COMMENT '选择了第几个选项(0开始)',
  `create_time` datetime NULL DEFAULT CURRENT_TIMESTAMP,
  PRIMARY KEY (`id`) USING BTREE,
  UNIQUE INDEX `uk_vote`(`post_id` ASC, `user_id` ASC) USING BTREE,
  UNIQUE INDEX `uk_post_user`(`post_id` ASC, `user_id` ASC) USING BTREE
) ENGINE = InnoDB AUTO_INCREMENT = 4 CHARACTER SET = utf8mb4 COLLATE = utf8mb4_0900_ai_ci ROW_FORMAT = DYNAMIC;

-- ----------------------------
-- Records of post_vote
-- ----------------------------
INSERT INTO `post_vote` VALUES (1, 6, 3, 0, '2025-12-03 18:20:15');
INSERT INTO `post_vote` VALUES (2, 6, 4, 0, '2025-12-03 22:30:45');
INSERT INTO `post_vote` VALUES (3, 75, 2, 0, '2026-01-20 11:53:36');

-- ----------------------------
-- Table structure for story
-- ----------------------------
DROP TABLE IF EXISTS `story`;
CREATE TABLE `story`  (
  `id` bigint NOT NULL AUTO_INCREMENT COMMENT '故事ID',
  `title` varchar(30) CHARACTER SET utf8mb4 COLLATE utf8mb4_0900_ai_ci NOT NULL COMMENT '故事标题',
  `category` tinyint NOT NULL COMMENT '分类: 1奇幻校园 2悬疑推理 3浪漫物语 4搞笑日常 5科幻未来',
  `world_setting` varchar(200) CHARACTER SET utf8mb4 COLLATE utf8mb4_0900_ai_ci NULL DEFAULT NULL COMMENT '世界观设定',
  `first_paragraph` text CHARACTER SET utf8mb4 COLLATE utf8mb4_0900_ai_ci NOT NULL COMMENT '开篇内容',
  `creator_id` bigint NOT NULL COMMENT '创建者ID',
  `status` tinyint NULL DEFAULT 1 COMMENT '状态: 1进行中 2已完结 3已归档',
  `paragraph_count` int NULL DEFAULT 1 COMMENT '段落数量',
  `participant_count` int NULL DEFAULT 1 COMMENT '参与人数',
  `total_likes` int NULL DEFAULT 0 COMMENT '总点赞数',
  `is_recommended` tinyint NULL DEFAULT 0 COMMENT '是否官方推荐',
  `finish_vote_id` bigint NULL DEFAULT NULL COMMENT '当前完结投票ID',
  `create_time` datetime NULL DEFAULT CURRENT_TIMESTAMP COMMENT '创建时间',
  `update_time` datetime NULL DEFAULT CURRENT_TIMESTAMP ON UPDATE CURRENT_TIMESTAMP COMMENT '更新时间',
  `finish_time` datetime NULL DEFAULT NULL COMMENT '完结时间',
  `editing_user_id` bigint NULL DEFAULT NULL COMMENT '当前正在编辑的用户ID',
  `editing_expire_time` datetime NULL DEFAULT NULL COMMENT '编辑锁过期时间',
  PRIMARY KEY (`id`) USING BTREE,
  INDEX `idx_story_category`(`category` ASC) USING BTREE,
  INDEX `idx_story_status`(`status` ASC) USING BTREE,
  INDEX `idx_story_creator`(`creator_id` ASC) USING BTREE,
  INDEX `idx_story_create_time`(`create_time` ASC) USING BTREE
) ENGINE = InnoDB AUTO_INCREMENT = 1001 CHARACTER SET = utf8mb4 COLLATE = utf8mb4_0900_ai_ci COMMENT = '故事主表' ROW_FORMAT = DYNAMIC;

-- ----------------------------
-- Records of story
-- ----------------------------
INSERT INTO `story` VALUES (1, '图书馆的秘密', 1, '在张家界学院的图书馆深处，隐藏着一扇通往异世界的门。只有在午夜12点，持有特殊借书证的学生才能看到它。', '那是一个普通的周五晚上，我像往常一样在图书馆复习到深夜。当时钟指向午夜12点时，我突然发现书架后面透出一道奇异的光芒...', 3, 1, 5, 3, 12, 1, NULL, '2025-12-16 16:23:57', '2025-12-21 16:23:57', NULL, NULL, NULL);
INSERT INTO `story` VALUES (2, '银杏树下的约定', 3, '张家界学院有一棵百年银杏树，传说在银杏叶飘落的季节，在树下许下的愿望都会实现。', '秋天来了，校园里的银杏树又黄了。我站在树下，看着金黄的叶子随风飘落，想起了三年前的那个约定...', 2, 1, 10, 7, 9, 1, NULL, '2025-12-17 16:23:57', '2026-01-28 23:29:01', NULL, 59, '2026-04-06 21:18:49');
INSERT INTO `story` VALUES (3, '食堂大冒险', 4, '张家界学院的食堂是一个神奇的地方，每天都会发生各种搞笑的事情。', '今天中午，我像往常一样去食堂吃饭。没想到，这将是我人生中最难忘的一顿午餐...', 4, 1, 3, 2, 5, 0, NULL, '2025-12-18 16:23:57', '2025-12-21 16:23:57', NULL, NULL, NULL);
INSERT INTO `story` VALUES (1000, '张家界学院的奇幻冒险', 1, '在张家界学院的深处，隐藏着一个连接异世界的神秘传送门。只有在月圆之夜，拥有纯净心灵的学生才能看见它的存在。', '那是一个普通的秋日午后，图书馆三楼的阳光透过落地窗洒在古旧的书架上。我正在查阅关于学院历史的资料，突然发现了一本没有标题的羊皮书。当我翻开第一页时，书页上浮现出金色的文字：\"寻找月光之门的勇士啊，你的冒险即将开始...\"就在这时，整个图书馆开始轻微震动，书架后面传来了神秘的光芒。', 3, 2, 4, 15, 156, 1, 1000, '2025-12-01 14:30:00', '2025-12-21 17:21:29', '2025-12-15 20:45:00', NULL, NULL);

-- ----------------------------
-- Table structure for story_achievement
-- ----------------------------
DROP TABLE IF EXISTS `story_achievement`;
CREATE TABLE `story_achievement`  (
  `id` bigint NOT NULL AUTO_INCREMENT COMMENT '成就ID',
  `user_id` bigint NOT NULL COMMENT '用户ID',
  `achievement_type` varchar(30) CHARACTER SET utf8mb4 COLLATE utf8mb4_0900_ai_ci NOT NULL COMMENT '成就类型: opener/key_puzzle/long_creator/story_king',
  `story_id` bigint NULL DEFAULT NULL COMMENT '关联故事ID(可选)',
  `create_time` datetime NULL DEFAULT CURRENT_TIMESTAMP COMMENT '获得时间',
  PRIMARY KEY (`id`) USING BTREE,
  UNIQUE INDEX `uk_achievement_user_type`(`user_id` ASC, `achievement_type` ASC) USING BTREE,
  INDEX `idx_achievement_user`(`user_id` ASC) USING BTREE
) ENGINE = InnoDB AUTO_INCREMENT = 4 CHARACTER SET = utf8mb4 COLLATE = utf8mb4_0900_ai_ci COMMENT = '故事成就表' ROW_FORMAT = DYNAMIC;

-- ----------------------------
-- Records of story_achievement
-- ----------------------------
INSERT INTO `story_achievement` VALUES (1, 3, 'opener', 1, '2025-12-16 16:23:57');
INSERT INTO `story_achievement` VALUES (2, 2, 'opener', 2, '2025-12-17 16:23:57');
INSERT INTO `story_achievement` VALUES (3, 4, 'opener', 3, '2025-12-18 16:23:57');

-- ----------------------------
-- Table structure for story_contribution
-- ----------------------------
DROP TABLE IF EXISTS `story_contribution`;
CREATE TABLE `story_contribution`  (
  `id` bigint NOT NULL AUTO_INCREMENT COMMENT '贡献ID',
  `story_id` bigint NOT NULL COMMENT '故事ID',
  `user_id` bigint NOT NULL COMMENT '用户ID',
  `points` int NULL DEFAULT 0 COMMENT '贡献点数',
  `paragraph_count` int NULL DEFAULT 0 COMMENT '续写段落数',
  `like_received` int NULL DEFAULT 0 COMMENT '获得点赞数',
  `key_point_count` int NULL DEFAULT 0 COMMENT '关键转折点数',
  `update_time` datetime NULL DEFAULT CURRENT_TIMESTAMP ON UPDATE CURRENT_TIMESTAMP,
  PRIMARY KEY (`id`) USING BTREE,
  UNIQUE INDEX `uk_contribution_story_user`(`story_id` ASC, `user_id` ASC) USING BTREE,
  INDEX `idx_contribution_user`(`user_id` ASC) USING BTREE,
  INDEX `idx_contribution_points`(`story_id` ASC, `points` DESC) USING BTREE,
  CONSTRAINT `fk_contribution_story` FOREIGN KEY (`story_id`) REFERENCES `story` (`id`) ON DELETE CASCADE ON UPDATE RESTRICT
) ENGINE = InnoDB AUTO_INCREMENT = 14 CHARACTER SET = utf8mb4 COLLATE = utf8mb4_0900_ai_ci COMMENT = '故事贡献度表' ROW_FORMAT = DYNAMIC;

-- ----------------------------
-- Records of story_contribution
-- ----------------------------
INSERT INTO `story_contribution` VALUES (1, 1, 3, 14, 2, 4, 0, '2025-12-21 16:23:57');
INSERT INTO `story_contribution` VALUES (2, 1, 5, 16, 2, 6, 0, '2025-12-21 16:23:57');
INSERT INTO `story_contribution` VALUES (3, 1, 7, 12, 1, 2, 0, '2025-12-21 16:23:57');
INSERT INTO `story_contribution` VALUES (4, 2, 2, 24, 3, 4, 0, '2025-12-21 16:23:57');
INSERT INTO `story_contribution` VALUES (5, 2, 6, 14, 2, 4, 0, '2025-12-21 16:23:57');
INSERT INTO `story_contribution` VALUES (6, 3, 4, 13, 2, 3, 0, '2025-12-21 16:23:57');
INSERT INTO `story_contribution` VALUES (7, 3, 7, 12, 1, 2, 0, '2025-12-21 16:23:57');
INSERT INTO `story_contribution` VALUES (8, 1000, 3, 15, 1, 4, 0, '2025-12-21 17:21:29');
INSERT INTO `story_contribution` VALUES (9, 2, 18, 11, 1, 1, 0, '2026-01-19 12:53:20');
INSERT INTO `story_contribution` VALUES (10, 2, 135, 10, 1, 0, 0, '2026-01-19 21:03:14');
INSERT INTO `story_contribution` VALUES (11, 2, 10, 10, 1, 0, 0, '2026-04-06 20:40:21');
INSERT INTO `story_contribution` VALUES (12, 2, 46, 10, 1, 0, 0, '2026-04-06 21:02:01');
INSERT INTO `story_contribution` VALUES (13, 2, 59, 10, 1, 0, 0, '2026-04-06 21:17:03');

-- ----------------------------
-- Table structure for story_favorite
-- ----------------------------
DROP TABLE IF EXISTS `story_favorite`;
CREATE TABLE `story_favorite`  (
  `id` bigint NOT NULL AUTO_INCREMENT COMMENT '收藏ID',
  `story_id` bigint NOT NULL COMMENT '故事ID',
  `user_id` bigint NOT NULL COMMENT '用户ID',
  `create_time` datetime NULL DEFAULT CURRENT_TIMESTAMP COMMENT '收藏时间',
  PRIMARY KEY (`id`) USING BTREE,
  UNIQUE INDEX `uk_favorite_story_user`(`story_id` ASC, `user_id` ASC) USING BTREE,
  INDEX `idx_favorite_user`(`user_id` ASC) USING BTREE,
  CONSTRAINT `fk_favorite_story` FOREIGN KEY (`story_id`) REFERENCES `story` (`id`) ON DELETE CASCADE ON UPDATE RESTRICT
) ENGINE = InnoDB AUTO_INCREMENT = 8 CHARACTER SET = utf8mb4 COLLATE = utf8mb4_0900_ai_ci COMMENT = '故事收藏表' ROW_FORMAT = DYNAMIC;

-- ----------------------------
-- Records of story_favorite
-- ----------------------------
INSERT INTO `story_favorite` VALUES (1, 1, 5, '2025-12-17 16:23:57');
INSERT INTO `story_favorite` VALUES (2, 1, 7, '2025-12-18 16:23:57');
INSERT INTO `story_favorite` VALUES (3, 2, 3, '2025-12-18 16:23:57');
INSERT INTO `story_favorite` VALUES (4, 2, 4, '2025-12-19 16:23:57');

-- ----------------------------
-- Table structure for story_finish_vote
-- ----------------------------
DROP TABLE IF EXISTS `story_finish_vote`;
CREATE TABLE `story_finish_vote`  (
  `id` bigint NOT NULL AUTO_INCREMENT COMMENT '投票ID',
  `story_id` bigint NOT NULL COMMENT '故事ID',
  `initiator_id` bigint NOT NULL COMMENT '发起者ID',
  `agree_count` int NULL DEFAULT 0 COMMENT '同意数',
  `disagree_count` int NULL DEFAULT 0 COMMENT '反对数',
  `total_voters` int NOT NULL COMMENT '有投票权的总人数',
  `status` tinyint NULL DEFAULT 1 COMMENT '状态: 1进行中 2已通过 3已否决 4已过期',
  `create_time` datetime NULL DEFAULT CURRENT_TIMESTAMP COMMENT '创建时间',
  `expire_time` datetime NOT NULL COMMENT '过期时间',
  PRIMARY KEY (`id`) USING BTREE,
  INDEX `idx_vote_story`(`story_id` ASC) USING BTREE,
  CONSTRAINT `fk_vote_story` FOREIGN KEY (`story_id`) REFERENCES `story` (`id`) ON DELETE CASCADE ON UPDATE RESTRICT
) ENGINE = InnoDB AUTO_INCREMENT = 1 CHARACTER SET = utf8mb4 COLLATE = utf8mb4_0900_ai_ci COMMENT = '完结投票表' ROW_FORMAT = DYNAMIC;

-- ----------------------------
-- Records of story_finish_vote
-- ----------------------------

-- ----------------------------
-- Table structure for story_finish_vote_record
-- ----------------------------
DROP TABLE IF EXISTS `story_finish_vote_record`;
CREATE TABLE `story_finish_vote_record`  (
  `id` bigint NOT NULL AUTO_INCREMENT COMMENT '记录ID',
  `vote_id` bigint NOT NULL COMMENT '投票ID',
  `user_id` bigint NOT NULL COMMENT '用户ID',
  `agree` tinyint NOT NULL COMMENT '是否同意: 1同意 0反对',
  `create_time` datetime NULL DEFAULT CURRENT_TIMESTAMP COMMENT '投票时间',
  PRIMARY KEY (`id`) USING BTREE,
  UNIQUE INDEX `uk_vote_record_vote_user`(`vote_id` ASC, `user_id` ASC) USING BTREE,
  CONSTRAINT `fk_vote_record_vote` FOREIGN KEY (`vote_id`) REFERENCES `story_finish_vote` (`id`) ON DELETE CASCADE ON UPDATE RESTRICT
) ENGINE = InnoDB AUTO_INCREMENT = 1 CHARACTER SET = utf8mb4 COLLATE = utf8mb4_0900_ai_ci COMMENT = '完结投票记录表' ROW_FORMAT = DYNAMIC;

-- ----------------------------
-- Records of story_finish_vote_record
-- ----------------------------

-- ----------------------------
-- Table structure for story_paragraph
-- ----------------------------
DROP TABLE IF EXISTS `story_paragraph`;
CREATE TABLE `story_paragraph`  (
  `id` bigint NOT NULL AUTO_INCREMENT COMMENT '段落ID',
  `story_id` bigint NOT NULL COMMENT '故事ID',
  `content` text CHARACTER SET utf8mb4 COLLATE utf8mb4_0900_ai_ci NOT NULL COMMENT '段落内容',
  `image_url` varchar(255) CHARACTER SET utf8mb4 COLLATE utf8mb4_0900_ai_ci NULL DEFAULT NULL COMMENT '插画URL',
  `author_id` bigint NOT NULL COMMENT '作者ID',
  `pen_name` varchar(20) CHARACTER SET utf8mb4 COLLATE utf8mb4_0900_ai_ci NULL DEFAULT NULL COMMENT '笔名',
  `sequence` int NOT NULL COMMENT '段落序号',
  `like_count` int NULL DEFAULT 0 COMMENT '点赞数',
  `is_hot` tinyint NULL DEFAULT 0 COMMENT '是否热门(点赞>10)',
  `is_key_point` tinyint NULL DEFAULT 0 COMMENT '是否关键转折点(点赞>50或作者标记)',
  `is_author_marked` tinyint NULL DEFAULT 0 COMMENT '是否作者标记为关键点',
  `parent_id` bigint NULL DEFAULT NULL COMMENT '父段落ID(用于分支)',
  `branch_name` varchar(50) CHARACTER SET utf8mb4 COLLATE utf8mb4_0900_ai_ci NULL DEFAULT NULL COMMENT '分支名称',
  `create_time` datetime NULL DEFAULT CURRENT_TIMESTAMP COMMENT '创建时间',
  `is_ai_assisted` tinyint(1) NOT NULL DEFAULT 0 COMMENT '是否使用AI润色',
  PRIMARY KEY (`id`) USING BTREE,
  UNIQUE INDEX `uk_story_sequence`(`story_id` ASC, `sequence` ASC) USING BTREE,
  INDEX `idx_paragraph_story`(`story_id` ASC) USING BTREE,
  INDEX `idx_paragraph_author`(`author_id` ASC) USING BTREE,
  CONSTRAINT `fk_paragraph_story` FOREIGN KEY (`story_id`) REFERENCES `story` (`id`) ON DELETE CASCADE ON UPDATE RESTRICT
) ENGINE = InnoDB AUTO_INCREMENT = 10012 CHARACTER SET = utf8mb4 COLLATE = utf8mb4_0900_ai_ci COMMENT = '故事段落表' ROW_FORMAT = DYNAMIC;

-- ----------------------------
-- Records of story_paragraph
-- ----------------------------
INSERT INTO `story_paragraph` VALUES (1, 1, '那是一个普通的周五晚上，我像往常一样在图书馆复习到深夜。当时钟指向午夜12点时，我突然发现书架后面透出一道奇异的光芒...', NULL, 3, '夜行者', 1, 3, 0, 0, 0, NULL, NULL, '2025-12-16 16:23:57', 0);
INSERT INTO `story_paragraph` VALUES (2, 1, '我小心翼翼地走近那道光芒，发现书架后面竟然有一扇门！门上刻着古老的符文，散发着淡淡的蓝光。我犹豫了一下，还是推开了那扇门...', NULL, 5, '探险家', 2, 5, 0, 0, 0, NULL, NULL, '2025-12-17 16:23:57', 0);
INSERT INTO `story_paragraph` VALUES (3, 1, '门后是一个完全不同的世界！天空是紫色的，飘浮着发光的水晶。远处有一座巨大的城堡，城堡周围环绕着会飞的书本。一个穿着长袍的老人向我走来：\"欢迎来到知识之境，年轻的学者。\"', NULL, 7, '幻想师', 3, 2, 0, 0, 0, NULL, NULL, '2025-12-18 16:23:57', 0);
INSERT INTO `story_paragraph` VALUES (4, 1, '老人告诉我，这里是所有知识的源泉。每一本飞舞的书都代表着人类历史上的一个重要发现。但最近，有邪恶的力量想要摧毁这个世界，我必须找到三把钥匙来拯救它。', NULL, 5, '探险家', 4, 1, 0, 0, 0, NULL, NULL, '2025-12-19 16:23:57', 0);
INSERT INTO `story_paragraph` VALUES (5, 1, '第一把钥匙藏在\"勇气之塔\"的顶端。我深吸一口气，开始了我的冒险之旅。塔内充满了各种机关和谜题，每一步都需要运用我在学校学到的知识...', NULL, 3, '夜行者', 5, 1, 0, 0, 0, NULL, NULL, '2025-12-20 16:23:57', 0);
INSERT INTO `story_paragraph` VALUES (6, 2, '秋天来了，校园里的银杏树又黄了。我站在树下，看着金黄的叶子随风飘落，想起了三年前的那个约定...', NULL, 2, '秋叶', 1, 2, 0, 0, 0, NULL, NULL, '2025-12-17 16:23:57', 0);
INSERT INTO `story_paragraph` VALUES (7, 2, '那年我们都是大一新生，在迎新晚会上第一次见面。你穿着白色的连衣裙，笑起来眼睛弯弯的，像月牙一样。我们约定，三年后的今天，还要在这棵银杏树下相见。', NULL, 6, '回忆者', 2, 3, 0, 0, 0, NULL, NULL, '2025-12-18 16:23:57', 0);
INSERT INTO `story_paragraph` VALUES (8, 2, '但是现在，你已经去了另一个城市读研，我们已经很久没有联系了。我拿出手机，犹豫着要不要给你发消息。就在这时，一片银杏叶飘落在我的手机屏幕上...', NULL, 2, '秋叶', 3, 2, 0, 0, 0, NULL, NULL, '2025-12-19 16:23:57', 0);
INSERT INTO `story_paragraph` VALUES (9, 2, '我抬起头，看到一个熟悉的身影正向我走来。是你！你还是那样，笑起来眼睛弯弯的。\"对不起，我来晚了。\"你说。我笑了：\"不晚，刚刚好。\"', NULL, 6, '回忆者', 4, 1, 0, 0, 0, NULL, NULL, '2025-12-20 16:23:57', 0);
INSERT INTO `story_paragraph` VALUES (10, 3, '今天中午，我像往常一样去食堂吃饭。没想到，这将是我人生中最难忘的一顿午餐...', NULL, 4, '吃货小王', 1, 2, 0, 0, 0, NULL, NULL, '2025-12-18 16:23:57', 0);
INSERT INTO `story_paragraph` VALUES (11, 3, '排队打饭的时候，前面的同学突然转身，手里的餐盘直接飞了出去！汤汁在空中划出一道完美的抛物线，精准地落在了我的头上。全食堂的人都看着我，我尴尬地笑了笑：\"谢谢，我正想洗头呢。\"', NULL, 7, '倒霉蛋', 2, 2, 0, 0, 0, NULL, NULL, '2025-12-19 16:23:57', 0);
INSERT INTO `story_paragraph` VALUES (12, 3, '更搞笑的是，食堂阿姨看到我这副样子，居然免费给了我一份饭！她说：\"孩子，你太惨了，这顿饭阿姨请你！\"我瞬间觉得，这汤浇得值了！', NULL, 4, '吃货小王', 3, 1, 0, 0, 0, NULL, NULL, '2025-12-20 16:23:57', 0);
INSERT INTO `story_paragraph` VALUES (10001, 1000, '那是一个普通的秋日午后，图书馆三楼的阳光透过落地窗洒在古旧的书架上。我正在查阅关于学院历史的资料，突然发现了一本没有标题的羊皮书。当我翻开第一页时，书页上浮现出金色的文字：\"寻找月光之门的勇士啊，你的冒险即将开始...\"就在这时，整个图书馆开始轻微震动，书架后面传来了神秘的光芒。', NULL, 3, NULL, 1, 23, 1, 0, 0, NULL, NULL, '2025-12-01 14:30:00', 0);
INSERT INTO `story_paragraph` VALUES (10002, 1000, '我小心翼翼地走向光源，推开了那扇隐藏在书架后的暗门。门后是一条螺旋向下的石阶，墙壁上镶嵌着会发光的水晶，照亮了前行的道路。空气中弥漫着淡淡的薄荷香气，让人感到既紧张又兴奋。走了大约五分钟，我来到了一个巨大的地下空间，中央矗立着一座古老的石碑，上面刻着奇怪的符文。', NULL, 5, '夜行者', 2, 18, 1, 0, 0, NULL, NULL, '2025-12-01 16:45:00', 0);
INSERT INTO `story_paragraph` VALUES (10003, 1000, '当我伸手触碰石碑的瞬间，一股强大的能量涌入体内。脑海中突然出现了大量陌生的记忆——原来这座学院建立在一个古老魔法阵的遗址上，而我手中的羊皮书正是开启传送门的钥匙。石碑开始发出耀眼的蓝光，地面上浮现出复杂的魔法阵图案，一个巨大的光门在我面前缓缓打开。', NULL, 7, '星辰', 3, 31, 1, 0, 0, NULL, NULL, '2025-12-02 09:20:00', 0);
INSERT INTO `story_paragraph` VALUES (10004, 1000, '我深吸一口气，踏入了光门。眼前的景象让我震惊——这是一个完全不同的世界！天空呈现出梦幻般的紫色，三个月亮悬挂在空中，远处是连绵起伏的水晶山脉。更神奇的是，我发现自己身上的校服变成了一套银白色的法师长袍，手中多了一根散发着微光的法杖。', NULL, 3, '探险家', 4, 15, 1, 0, 0, NULL, NULL, '2025-12-02 20:15:00', 0);
INSERT INTO `story_paragraph` VALUES (10006, 2, '是你啊。我愣在原地，指尖还停在手机屏幕上，那些积攒了许久的问候突然都堵在喉咙里。午后的阳光斜斜地穿过走廊，在你发梢上镀了层薄薄的金边——这场景熟悉得让人恍惚，仿佛我们昨天才在这里道别。时间真是奇妙的东西，它能把记忆磨得温润，却也让重逢的瞬间变得小心翼翼。你过得好吗？这句话在我心里转了好几圈，最后出口时，竟带着点连自己都没察觉的叹息。', NULL, 18, '匿名作者', 5, 1, 0, 0, 0, NULL, NULL, '2026-01-19 12:53:20', 0);
INSERT INTO `story_paragraph` VALUES (10007, 2, '她轻轻开口，声音像被时光磨得温润的旧唱片：“这些年，我过得还算不错。”说完这句，她顿了顿，目光在我脸上停留了片刻，仿佛在辨认岁月留下的痕迹。然后，那声音又软软地飘过来，带着一丝小心翼翼的试探：“你呢？你……都好吗？”\n\n窗外的梧桐叶正一片片往下落，阳光穿过枝叶的缝隙，在她睫毛上投下细碎的影子。我忽然想起多年前的某个午后，她也曾这样问过我，只是那时的语气里还藏着少年人特有的莽撞与直白。如今这句话里，却多了些欲言又止的温柔，像秋日里最后一阵暖风，轻轻拂过心头。', NULL, 135, '匿名作者', 6, 0, 0, 0, 1, NULL, NULL, '2026-01-19 21:03:14', 0);
INSERT INTO `story_paragraph` VALUES (10008, 2, '那是一个寻常的午后，阳光斜斜地穿过教室的窗棂，在摊开的课本上投下斑驳的光影。粉笔灰在光束里缓缓浮沉，像极了时光的尘埃。我正对着数学题发呆，笔尖在草稿纸上无意识地画着圈，思绪早已飘到了窗外那棵正抽出新芽的梧桐树上。\n就在这时，一张折叠成方胜状的小纸条，轻轻落在了我\n\n我愣了一下，抬头望去。前排那个总是扎着马尾辫的背影，此刻正微微侧着，耳尖在阳光下透出淡淡的粉色。她的肩膀绷得有些紧，像是等待着什么。\n\n教室里很安静，只有风扇转动时发出的、规律的嗡嗡声。我屏住呼吸，用指尖小心翼翼地展开纸条。纸张很普通，是从笔记本上撕下来的横格页，边缘还带着些许毛糙。可上面那行清秀的字迹，却让我的心跳漏了一拍——\n\n“放学后，图书馆三楼的老地方，有话想对你说。”\n\n没有署名。但那一笔一划的认真劲儿，我认得。\n\n窗外的梧桐叶被风吹得沙沙作响，光影随之晃动，仿佛整个世界都跟着我的心跳轻轻摇晃起来。我悄悄将纸条合拢，握在手心。纸张的触感微凉，却似乎有什么温度，正从那里，一点点渗进我的血液里。\n\n讲台上，老师的声音忽然变得遥远。我低下头，假装继续演算那道未完成的习题，可笔尖下，不知不觉写出的，却是一个又一个她的名字。', NULL, 2, NULL, 7, 0, 0, 0, 0, NULL, NULL, '2026-01-28 23:28:34', 0);
INSERT INTO `story_paragraph` VALUES (10009, 2, '故事就这样悄然翻开了新的一页，像晨光里缓缓舒展的叶脉，带着湿润的、未干的露水气息。我站在这一行的末尾，笔尖悬停，仿佛能听见下一页空白的呼吸——轻而绵长，带着无限的可能。那些尚未落下的字句，像藏在云后的星光，等着被某一阵风、某一次心跳轻轻唤醒。而我会在这里，慢慢写下去，把时光纺成细密的线，织进每一个等待被讲述的明天里。', NULL, 10, NULL, 8, 0, 0, 0, 0, NULL, NULL, '2026-04-06 20:40:21', 0);
INSERT INTO `story_paragraph` VALUES (10010, 2, '\n\n黄昏时分，工作告一段落。保存文档时，我看着满屏的标注痕迹，忽然觉得这些蓝色的记号像极了读书时在页边写下的批注。只是从前是用铅笔，现在是用数据；从前是与过去的自己对话，现在是与未来的可能交谈。\n\n关掉软件前，我最后看了一眼那些标注。它们在渐暗的屏幕光里微微发亮，像是星图，标记着这次小小实验的轨迹——不是人与机器的对抗，而是两种理解世界的方式，在这个平凡的下午，轻轻碰撞，又各自延伸开去。\n\n而故事，大概就从这里真正开始了。', NULL, 46, NULL, 9, 0, 0, 0, 0, NULL, NULL, '2026-04-06 21:02:01', 0);
INSERT INTO `story_paragraph` VALUES (10011, 2, '嘿，你也在为那个故事卡壳发愁吗？我懂那种感觉——脑海里明明有万千星河在闪烁，落到纸上却只剩几颗疏落的星子，怎么都串不成动人的银河。\n\n有时候故事需要的不是情节的推进，而是某个瞬间的深度沉浸。就像电影里那些意味深长的空镜——雨滴在玻璃上蜿蜒的轨迹，旧书页边缘微微卷起的弧度，对话间隙窗外忽然掠过的飞鸟。这些细微之处往往比戏剧性的转折更能留住读者的呼吸。\n\n我最近常觉得，好的续写不是接上断掉的线，而是在断口处生长出新的枝桠。或许你的主角并没有走向预设的命运岔路，而是停在半途，听见了从前未曾留意的声音：童年故居后院的蝉鸣，离别时未被说出口的某个音节，甚至只是自己心跳在寂静中的回响。\n\n要不要试着把笔交给故事本身？别急着掌控它，而是跟随它去往未曾预料的深处。相信你创造的那个世界自有其生命力，而你所要做的，只是成为最专注的聆听者和记录者。\n\n期待读到只属于你的、带着体温的故事续章。它不必完美，但一定真挚——就像深夜分享给好友的语音消息，有些断续，有些即兴，却因为真实而格外动人。', NULL, 59, NULL, 10, 0, 0, 0, 0, NULL, NULL, '2026-04-06 21:17:03', 1);

-- ----------------------------
-- Table structure for story_read_progress
-- ----------------------------
DROP TABLE IF EXISTS `story_read_progress`;
CREATE TABLE `story_read_progress`  (
  `id` bigint NOT NULL AUTO_INCREMENT COMMENT '记录ID',
  `story_id` bigint NOT NULL COMMENT '故事ID',
  `user_id` bigint NOT NULL COMMENT '用户ID',
  `last_read_sequence` int NULL DEFAULT 0 COMMENT '最后阅读的段落序号',
  `update_time` datetime NULL DEFAULT CURRENT_TIMESTAMP ON UPDATE CURRENT_TIMESTAMP COMMENT '更新时间',
  PRIMARY KEY (`id`) USING BTREE,
  UNIQUE INDEX `uk_read_story_user`(`story_id` ASC, `user_id` ASC) USING BTREE,
  CONSTRAINT `fk_read_story` FOREIGN KEY (`story_id`) REFERENCES `story` (`id`) ON DELETE CASCADE ON UPDATE RESTRICT
) ENGINE = InnoDB AUTO_INCREMENT = 16 CHARACTER SET = utf8mb4 COLLATE = utf8mb4_0900_ai_ci COMMENT = '故事阅读进度表' ROW_FORMAT = DYNAMIC;

-- ----------------------------
-- Records of story_read_progress
-- ----------------------------
INSERT INTO `story_read_progress` VALUES (1, 1, 5, 5, '2025-12-20 16:23:57');
INSERT INTO `story_read_progress` VALUES (2, 1, 7, 5, '2025-12-20 16:23:57');
INSERT INTO `story_read_progress` VALUES (3, 1, 2, 3, '2025-12-19 16:23:57');
INSERT INTO `story_read_progress` VALUES (4, 2, 3, 4, '2025-12-20 16:23:57');
INSERT INTO `story_read_progress` VALUES (5, 2, 4, 4, '2025-12-20 16:23:57');
INSERT INTO `story_read_progress` VALUES (6, 3, 7, 3, '2025-12-20 16:23:57');
INSERT INTO `story_read_progress` VALUES (7, 2, 134, 4, '2026-01-18 15:41:21');
INSERT INTO `story_read_progress` VALUES (8, 1, 18, 5, '2026-01-19 12:11:05');
INSERT INTO `story_read_progress` VALUES (9, 2, 18, 5, '2026-01-19 12:28:19');
INSERT INTO `story_read_progress` VALUES (10, 2, 135, 5, '2026-01-19 21:02:04');
INSERT INTO `story_read_progress` VALUES (11, 2, 2, 7, '2026-01-20 12:49:35');
INSERT INTO `story_read_progress` VALUES (12, 2, 21, 7, '2026-03-28 13:49:43');
INSERT INTO `story_read_progress` VALUES (13, 2, 10, 9, '2026-04-06 20:39:59');
INSERT INTO `story_read_progress` VALUES (14, 2, 46, 9, '2026-04-06 21:01:00');
INSERT INTO `story_read_progress` VALUES (15, 2, 59, 9, '2026-04-06 21:15:13');

-- ----------------------------
-- Table structure for sys_announcement
-- ----------------------------
DROP TABLE IF EXISTS `sys_announcement`;
CREATE TABLE `sys_announcement`  (
  `id` bigint NOT NULL AUTO_INCREMENT,
  `title` varchar(255) CHARACTER SET utf8mb4 COLLATE utf8mb4_0900_ai_ci NOT NULL COMMENT '标题',
  `content` text CHARACTER SET utf8mb4 COLLATE utf8mb4_0900_ai_ci NOT NULL COMMENT '内容',
  `is_top` tinyint(1) NULL DEFAULT 0 COMMENT '是否置顶 (1:置顶)',
  `create_time` datetime NULL DEFAULT CURRENT_TIMESTAMP,
  PRIMARY KEY (`id`) USING BTREE
) ENGINE = InnoDB AUTO_INCREMENT = 10 CHARACTER SET = utf8mb4 COLLATE = utf8mb4_0900_ai_ci COMMENT = '校园公告表' ROW_FORMAT = DYNAMIC;

-- ----------------------------
-- Records of sys_announcement
-- ----------------------------
INSERT INTO `sys_announcement` VALUES (1, '欢迎来到张家界学院表白墙', '这是一个自由、温暖的社区，请大家文明发言。', 1, '2025-11-27 21:47:56');
INSERT INTO `sys_announcement` VALUES (2, '测试通知！', '这是一条测试通知！', 0, '2025-12-18 14:08:22');
INSERT INTO `sys_announcement` VALUES (3, '测试公告', '11111111', 0, '2026-03-08 16:15:48');
INSERT INTO `sys_announcement` VALUES (4, '测试公告2', '222222222', 0, '2026-03-08 16:15:59');
INSERT INTO `sys_announcement` VALUES (5, '测试公告3', '33333333333', 0, '2026-03-08 16:16:06');
INSERT INTO `sys_announcement` VALUES (6, '测试公告4', '44444444', 0, '2026-03-08 16:16:13');
INSERT INTO `sys_announcement` VALUES (7, '测试公告5', '555555555555', 0, '2026-03-08 16:16:35');
INSERT INTO `sys_announcement` VALUES (9, '关于开展“五四”青年节活动的通知', '请大家积极参与！！！', 1, '2026-03-24 22:57:20');

-- ----------------------------
-- Table structure for sys_banner
-- ----------------------------
DROP TABLE IF EXISTS `sys_banner`;
CREATE TABLE `sys_banner`  (
  `id` bigint NOT NULL AUTO_INCREMENT,
  `image_url` varchar(255) CHARACTER SET utf8mb4 COLLATE utf8mb4_0900_ai_ci NOT NULL COMMENT '图片路径',
  `title` varchar(100) CHARACTER SET utf8mb4 COLLATE utf8mb4_0900_ai_ci NULL DEFAULT NULL COMMENT '标题',
  `sort` int NULL DEFAULT 0 COMMENT '排序',
  `create_time` datetime NULL DEFAULT CURRENT_TIMESTAMP,
  PRIMARY KEY (`id`) USING BTREE
) ENGINE = InnoDB AUTO_INCREMENT = 5 CHARACTER SET = utf8mb4 COLLATE = utf8mb4_0900_ai_ci ROW_FORMAT = DYNAMIC;

-- ----------------------------
-- Records of sys_banner
-- ----------------------------
INSERT INTO `sys_banner` VALUES (1, '/files/1749701939663-活动-校园歌手.jpg', '校园十佳歌手大赛火热报名中！', 1, '2025-11-23 21:05:13');
INSERT INTO `sys_banner` VALUES (2, 'http://localhost:19090/files/1/20260119/1768813675889_ae19c7b49148414a89103a1f32a56d3e.jpg', '2025 暑期“三下乡”社会实践启动', 2, '2025-11-23 21:05:13');
INSERT INTO `sys_banner` VALUES (3, '/files/1761540627992-Snipaste_2025-10-27_11-53-19.jpg', '图书馆闭馆通知', 3, '2025-11-23 21:05:13');
INSERT INTO `sys_banner` VALUES (4, 'http://localhost:19090/files/1/20260309/1773058852903_d4125a4568a343ff985a853103972ae7.jpg', '测试轮播图', 4, '2026-03-09 20:20:54');

-- ----------------------------
-- Table structure for sys_blacklist
-- ----------------------------
DROP TABLE IF EXISTS `sys_blacklist`;
CREATE TABLE `sys_blacklist`  (
  `id` bigint NOT NULL AUTO_INCREMENT,
  `user_id` bigint NOT NULL COMMENT '操作人(谁拉黑了别人)',
  `target_id` bigint NOT NULL COMMENT '被拉黑的人',
  `create_time` datetime NULL DEFAULT CURRENT_TIMESTAMP,
  PRIMARY KEY (`id`) USING BTREE,
  UNIQUE INDEX `uk_block`(`user_id` ASC, `target_id` ASC) USING BTREE
) ENGINE = InnoDB AUTO_INCREMENT = 1 CHARACTER SET = utf8mb4 COLLATE = utf8mb4_0900_ai_ci COMMENT = '用户黑名单' ROW_FORMAT = DYNAMIC;

-- ----------------------------
-- Records of sys_blacklist
-- ----------------------------

-- ----------------------------
-- Table structure for sys_category
-- ----------------------------
DROP TABLE IF EXISTS `sys_category`;
CREATE TABLE `sys_category`  (
  `id` bigint NOT NULL AUTO_INCREMENT,
  `name` varchar(50) CHARACTER SET utf8mb4 COLLATE utf8mb4_0900_ai_ci NOT NULL COMMENT '分类名称',
  `icon` varchar(50) CHARACTER SET utf8mb4 COLLATE utf8mb4_0900_ai_ci NULL DEFAULT 'Hash' COMMENT '图标名称(Lucide图标库)',
  `color` varchar(50) CHARACTER SET utf8mb4 COLLATE utf8mb4_0900_ai_ci NULL DEFAULT 'text-gray-500' COMMENT '文字颜色Class',
  `bg_color` varchar(50) CHARACTER SET utf8mb4 COLLATE utf8mb4_0900_ai_ci NULL DEFAULT 'bg-gray-100' COMMENT '背景颜色Class',
  `sort` int NULL DEFAULT 0 COMMENT '排序(越小越靠前)',
  `status` tinyint NULL DEFAULT 1 COMMENT '1:启用 0:停用',
  `create_time` datetime NULL DEFAULT CURRENT_TIMESTAMP,
  PRIMARY KEY (`id`) USING BTREE
) ENGINE = InnoDB AUTO_INCREMENT = 11 CHARACTER SET = utf8mb4 COLLATE = utf8mb4_0900_ai_ci COMMENT = '帖子分类表' ROW_FORMAT = DYNAMIC;

-- ----------------------------
-- Records of sys_category
-- ----------------------------
INSERT INTO `sys_category` VALUES (1, '表白', 'Heart', 'text-pink-500', 'bg-pink-100', 1, 1, '2025-11-28 12:28:13');
INSERT INTO `sys_category` VALUES (2, '寻物', 'Search', 'text-blue-500', 'bg-blue-100', 2, 1, '2025-11-28 12:28:13');
INSERT INTO `sys_category` VALUES (3, '闲置', 'ShoppingBag', 'text-orange-500', 'bg-orange-100', 3, 1, '2025-11-28 12:28:13');
INSERT INTO `sys_category` VALUES (4, '吐槽', 'MessageCircle', 'text-purple-500', 'bg-purple-100', 4, 1, '2025-11-28 12:28:13');
INSERT INTO `sys_category` VALUES (5, '活动', 'Calendar', 'text-green-500', 'bg-green-100', 5, 1, '2025-11-28 12:28:13');
INSERT INTO `sys_category` VALUES (6, '求助', 'HelpCircle', 'text-cyan-500', 'bg-cyan-100', 6, 1, '2025-11-28 12:28:13');
INSERT INTO `sys_category` VALUES (7, '美食', 'Coffee', 'text-red-500', 'bg-red-50', 7, 1, '2026-02-03 16:27:37');
INSERT INTO `sys_category` VALUES (9, '其他', 'LayoutGrid', 'text-gray-500', 'bg-gray-100', 99, 1, '2025-11-28 12:28:13');
INSERT INTO `sys_category` VALUES (10, '考研', 'graduation-cap', 'text-red-500', 'bg-red-100', 9, 1, '2026-04-05 20:27:31');

-- ----------------------------
-- Table structure for sys_chat
-- ----------------------------
DROP TABLE IF EXISTS `sys_chat`;
CREATE TABLE `sys_chat`  (
  `id` bigint NOT NULL AUTO_INCREMENT,
  `sender_id` bigint NOT NULL,
  `receiver_id` bigint NOT NULL,
  `content` varchar(1000) CHARACTER SET utf8mb4 COLLATE utf8mb4_0900_ai_ci NOT NULL,
  `type` tinyint(1) NULL DEFAULT 0 COMMENT '0:文本, 1:图片, 2:交换联系方式请求, 3:同意交换',
  `is_read` tinyint(1) NULL DEFAULT 0 COMMENT '0:未读',
  `create_time` datetime NULL DEFAULT CURRENT_TIMESTAMP,
  `is_withdrawn` tinyint(1) NULL DEFAULT 0 COMMENT '1:已撤回',
  PRIMARY KEY (`id`) USING BTREE,
  INDEX `idx_sender_receiver`(`sender_id` ASC, `receiver_id` ASC) USING BTREE,
  INDEX `idx_chat_users`(`sender_id` ASC, `receiver_id` ASC) USING BTREE
) ENGINE = InnoDB AUTO_INCREMENT = 20 CHARACTER SET = utf8mb4 COLLATE = utf8mb4_0900_ai_ci ROW_FORMAT = DYNAMIC;

-- ----------------------------
-- Records of sys_chat
-- ----------------------------
INSERT INTO `sys_chat` VALUES (1, 3, 7, '你好，可以认识一下吗？', 0, 1, '2025-12-18 21:20:58', 0);
INSERT INTO `sys_chat` VALUES (2, 7, 3, '你好，我叫小帅！', 0, 1, '2025-12-18 22:00:35', 0);
INSERT INTO `sys_chat` VALUES (3, 3, 7, 'hello！', 0, 1, '2025-12-18 22:13:00', 0);
INSERT INTO `sys_chat` VALUES (4, 2, 134, '11111', 0, 1, '2026-01-18 15:39:43', 0);
INSERT INTO `sys_chat` VALUES (5, 130, 135, '111', 0, 1, '2026-01-19 20:58:41', 0);
INSERT INTO `sys_chat` VALUES (6, 135, 130, '你好', 0, 1, '2026-01-19 20:58:55', 0);
INSERT INTO `sys_chat` VALUES (7, 12, 2, '你好！', 0, 1, '2026-01-20 11:54:06', 0);
INSERT INTO `sys_chat` VALUES (8, 2, 12, '你好！', 0, 1, '2026-01-20 11:54:23', 0);
INSERT INTO `sys_chat` VALUES (9, 11, 2, '111', 0, 1, '2026-01-28 23:30:19', 0);
INSERT INTO `sys_chat` VALUES (10, 2, 11, '111', 0, 1, '2026-01-28 23:30:39', 0);
INSERT INTO `sys_chat` VALUES (11, 2, 11, '1111', 0, 1, '2026-01-28 23:30:44', 0);
INSERT INTO `sys_chat` VALUES (12, 6, 2, '111', 0, 1, '2026-01-30 21:49:27', 0);
INSERT INTO `sys_chat` VALUES (13, 2, 6, '1', 0, 1, '2026-01-30 21:51:40', 0);
INSERT INTO `sys_chat` VALUES (14, 6, 2, '1', 0, 1, '2026-01-30 22:45:45', 0);
INSERT INTO `sys_chat` VALUES (15, 2, 6, '111111111111', 0, 1, '2026-01-30 22:46:52', 0);
INSERT INTO `sys_chat` VALUES (16, 2, 6, '111111', 0, 1, '2026-01-30 22:46:55', 0);
INSERT INTO `sys_chat` VALUES (17, 6, 2, '11111111', 0, 1, '2026-01-30 22:47:02', 0);
INSERT INTO `sys_chat` VALUES (18, 2, 6, '111', 0, 1, '2026-01-30 22:54:55', 0);
INSERT INTO `sys_chat` VALUES (19, 2, 6, '1', 0, 1, '2026-01-30 22:57:02', 0);

-- ----------------------------
-- Table structure for sys_collection
-- ----------------------------
DROP TABLE IF EXISTS `sys_collection`;
CREATE TABLE `sys_collection`  (
  `id` bigint NOT NULL AUTO_INCREMENT,
  `user_id` bigint NOT NULL COMMENT '收藏者',
  `post_id` bigint NOT NULL COMMENT '帖子ID',
  `create_time` datetime NULL DEFAULT CURRENT_TIMESTAMP,
  PRIMARY KEY (`id`) USING BTREE,
  UNIQUE INDEX `uk_collect`(`user_id` ASC, `post_id` ASC) USING BTREE
) ENGINE = InnoDB AUTO_INCREMENT = 4 CHARACTER SET = utf8mb4 COLLATE = utf8mb4_0900_ai_ci COMMENT = '用户收藏表' ROW_FORMAT = DYNAMIC;

-- ----------------------------
-- Records of sys_collection
-- ----------------------------
INSERT INTO `sys_collection` VALUES (1, 3, 7, '2025-12-18 20:05:20');
INSERT INTO `sys_collection` VALUES (3, 2, 23, '2026-01-16 22:17:41');

-- ----------------------------
-- Table structure for sys_file_record
-- ----------------------------
DROP TABLE IF EXISTS `sys_file_record`;
CREATE TABLE `sys_file_record`  (
  `id` bigint NOT NULL AUTO_INCREMENT,
  `user_id` bigint NOT NULL COMMENT '上传者ID',
  `file_path` varchar(255) CHARACTER SET utf8mb4 COLLATE utf8mb4_0900_ai_ci NOT NULL COMMENT '物理路径',
  `file_url` varchar(255) CHARACTER SET utf8mb4 COLLATE utf8mb4_0900_ai_ci NOT NULL COMMENT 'Web访问路径',
  `is_used` tinyint(1) NULL DEFAULT 0 COMMENT '是否已被帖子引用(0:未引用/垃圾 1:已引用)',
  `create_time` datetime NULL DEFAULT CURRENT_TIMESTAMP,
  PRIMARY KEY (`id`) USING BTREE
) ENGINE = InnoDB AUTO_INCREMENT = 38 CHARACTER SET = utf8mb4 COLLATE = utf8mb4_0900_ai_ci COMMENT = '文件上传记录表' ROW_FORMAT = DYNAMIC;

-- ----------------------------
-- Records of sys_file_record
-- ----------------------------
INSERT INTO `sys_file_record` VALUES (3, 3, 'D:\\桌面\\wall\\springboot\\.\\files\\3\\20251202\\1764682332930_0bebeb59e5ac4362b79b273be5239bb2.png', 'http://localhost:3000/files/3/20251202/1764682332930_0bebeb59e5ac4362b79b273be5239bb2.png', 0, '2025-12-02 21:32:13');
INSERT INTO `sys_file_record` VALUES (4, 3, 'D:\\桌面\\wall\\springboot\\.\\files\\3\\20251202\\1764682551807_ba067d98c6e74184a04a5bad9413167a.jpg', 'http://localhost:3000/files/3/20251202/1764682551807_ba067d98c6e74184a04a5bad9413167a.jpg', 0, '2025-12-02 21:35:51');
INSERT INTO `sys_file_record` VALUES (5, 3, 'D:\\桌面\\wall\\springboot\\.\\files\\3\\20251202\\1764684348279_44975c0325c840438a9619cad3da6cbf.png', 'http://localhost:3000/files/3/20251202/1764684348279_44975c0325c840438a9619cad3da6cbf.png', 0, '2025-12-02 22:05:48');
INSERT INTO `sys_file_record` VALUES (6, 3, 'D:\\桌面\\wall\\springboot\\.\\files\\3\\20251202\\1764687052504_86d605159d5a47a384bc8faaacf989fe.png', 'http://localhost:3000/files/3/20251202/1764687052504_86d605159d5a47a384bc8faaacf989fe.png', 0, '2025-12-02 22:50:52');
INSERT INTO `sys_file_record` VALUES (7, 3, 'D:\\桌面\\wall\\springboot\\.\\files\\3\\20251202\\1764687079095_69884a4ad77d4b0da8c2cfd5b8576df2.mp4', 'http://localhost:3000/files/3/20251202/1764687079095_69884a4ad77d4b0da8c2cfd5b8576df2.mp4', 0, '2025-12-02 22:51:19');
INSERT INTO `sys_file_record` VALUES (8, 3, 'D:\\桌面\\wall\\springboot\\.\\files\\3\\20251202\\1764687871648_5cd0f8e7800b4314bc17115fbbdb5e4e.png', 'http://localhost:3000/files/3/20251202/1764687871648_5cd0f8e7800b4314bc17115fbbdb5e4e.png', 0, '2025-12-02 23:04:31');
INSERT INTO `sys_file_record` VALUES (9, 3, 'D:\\桌面\\wall\\springboot\\.\\files\\3\\20251202\\1764687879015_b186eafe7dcb44ce9e38f1df74e793f6.mp4', 'http://localhost:3000/files/3/20251202/1764687879015_b186eafe7dcb44ce9e38f1df74e793f6.mp4', 0, '2025-12-02 23:04:39');
INSERT INTO `sys_file_record` VALUES (10, 3, 'D:\\桌面\\wall\\springboot\\.\\files\\3\\20251202\\1764688230382_f50bb9549c01420abb775ae75fbd8c08.mp4', 'http://localhost:3000/files/3/20251202/1764688230382_f50bb9549c01420abb775ae75fbd8c08.mp4', 0, '2025-12-02 23:10:30');
INSERT INTO `sys_file_record` VALUES (11, 3, 'D:\\桌面\\wall\\springboot\\.\\files\\3\\20251203\\1764756750042_69cfd5853ed14e7a937e29c8e103698f.png', 'http://localhost:3000/files/3/20251203/1764756750042_69cfd5853ed14e7a937e29c8e103698f.png', 1, '2025-12-03 18:12:30');
INSERT INTO `sys_file_record` VALUES (12, 3, 'D:\\桌面\\wall\\springboot\\.\\files\\3\\20251203\\1764756757273_b086d09a58994bdfac461fdcc75e1b1a.mp4', 'http://localhost:3000/files/3/20251203/1764756757273_b086d09a58994bdfac461fdcc75e1b1a.mp4', 1, '2025-12-03 18:12:37');
INSERT INTO `sys_file_record` VALUES (13, 1, 'D:\\桌面\\wall\\springboot\\.\\files\\1\\20251216\\1765888454716_fcaa8545b8d04c6cb5277a35071577bf.jpg', 'http://localhost:5173/files/1/20251216/1765888454716_fcaa8545b8d04c6cb5277a35071577bf.jpg', 0, '2025-12-16 20:34:14');
INSERT INTO `sys_file_record` VALUES (14, 1, 'D:\\桌面\\wall\\springboot\\.\\files\\1\\20251218\\1766059461513_991e6bc167474a0face1f91dd53254e3.jpeg', 'http://localhost:5173/files/1/20251218/1766059461513_991e6bc167474a0face1f91dd53254e3.jpeg', 0, '2025-12-18 20:04:21');
INSERT INTO `sys_file_record` VALUES (15, 3, 'D:\\桌面\\wall\\springboot\\.\\files\\3\\20251218\\1766059511707_24ec8c98349c40f7bf95f97177c876b5.jpeg', 'http://localhost:5173/files/3/20251218/1766059511707_24ec8c98349c40f7bf95f97177c876b5.jpeg', 0, '2025-12-18 20:05:11');
INSERT INTO `sys_file_record` VALUES (16, 132, 'D:\\桌面\\wall\\springboot\\.\\files\\132\\20260116\\1768571374041_0ec14870eca94fe7916633800f272353.png', 'http://localhost:19090/files/132/20260116/1768571374041_0ec14870eca94fe7916633800f272353.png', 0, '2026-01-16 21:49:34');
INSERT INTO `sys_file_record` VALUES (17, 134, 'D:\\桌面\\wall\\springboot\\.\\files\\134\\20260118\\1768721726060_1c01db8d0b17402a9fbe64b535068f9a.webm', 'http://localhost:19090/files/134/20260118/1768721726060_1c01db8d0b17402a9fbe64b535068f9a.webm', 1, '2026-01-18 15:35:26');
INSERT INTO `sys_file_record` VALUES (18, 134, 'D:\\桌面\\wall\\springboot\\.\\files\\134\\20260118\\1768721730719_46df298cc6eb454c9bff4926b19779e7.png', 'http://localhost:19090/files/134/20260118/1768721730719_46df298cc6eb454c9bff4926b19779e7.png', 1, '2026-01-18 15:35:30');
INSERT INTO `sys_file_record` VALUES (19, 8, 'D:\\桌面\\wall\\springboot\\.\\files\\8\\20260119\\1768788257787_95fcf396eb4a40d2a298e90a07d615cd.jpg', 'http://localhost:19090/files/8/20260119/1768788257787_95fcf396eb4a40d2a298e90a07d615cd.jpg', 0, '2026-01-19 10:04:17');
INSERT INTO `sys_file_record` VALUES (20, 18, 'D:\\桌面\\wall\\springboot\\.\\files\\18\\20260119\\1768788414827_289bc58648f040c781d7a7c0aa4f42ae.jpeg', 'http://localhost:19090/files/18/20260119/1768788414827_289bc58648f040c781d7a7c0aa4f42ae.jpeg', 0, '2026-01-19 10:06:54');
INSERT INTO `sys_file_record` VALUES (21, 1, 'D:\\桌面\\wall\\springboot\\.\\files\\1\\20260119\\1768813675889_ae19c7b49148414a89103a1f32a56d3e.jpg', 'http://localhost:19090/files/1/20260119/1768813675889_ae19c7b49148414a89103a1f32a56d3e.jpg', 0, '2026-01-19 17:07:55');
INSERT INTO `sys_file_record` VALUES (22, 135, 'D:\\桌面\\wall\\springboot\\.\\files\\135\\20260119\\1768827489290_aa73021bf85b4fa4b9a3fa37b54ddf6b.jpg', 'http://localhost:19090/files/135/20260119/1768827489290_aa73021bf85b4fa4b9a3fa37b54ddf6b.jpg', 1, '2026-01-19 20:58:09');
INSERT INTO `sys_file_record` VALUES (23, 135, 'D:\\桌面\\wall\\springboot\\.\\files\\135\\20260119\\1768827573848_f6662be8214d49dea0b05308ab6bccb3.jpg', 'http://localhost:19090/files/135/20260119/1768827573848_f6662be8214d49dea0b05308ab6bccb3.jpg', 0, '2026-01-19 20:59:33');
INSERT INTO `sys_file_record` VALUES (24, 135, 'D:\\桌面\\wall\\springboot\\.\\files\\135\\20260119\\1768827709195_bd5fa94a5c3b4368bab67d9f49fee3a7.jpg', 'http://localhost:19090/files/135/20260119/1768827709195_bd5fa94a5c3b4368bab67d9f49fee3a7.jpg', 0, '2026-01-19 21:01:49');
INSERT INTO `sys_file_record` VALUES (25, 2, 'D:\\桌面\\wall\\springboot\\.\\files\\2\\20260128\\1769613547141_2f37f165008a493e84ff63eb5608ccd5.jpg', 'http://localhost:19090/files/2/20260128/1769613547141_2f37f165008a493e84ff63eb5608ccd5.jpg', 0, '2026-01-28 23:19:07');
INSERT INTO `sys_file_record` VALUES (26, 2, 'D:\\桌面\\wall\\springboot\\.\\files\\2\\20260128\\1769613565396_2ab77df7826747639be68905f63fbfa1.jpg', 'http://localhost:19090/files/2/20260128/1769613565396_2ab77df7826747639be68905f63fbfa1.jpg', 0, '2026-01-28 23:19:25');
INSERT INTO `sys_file_record` VALUES (27, 2, 'D:\\桌面\\wall\\springboot\\.\\files\\2\\20260130\\1769774146101_57d92795f1824b26881784217d4da4a5.jpeg', 'http://localhost:19090/files/2/20260130/1769774146101_57d92795f1824b26881784217d4da4a5.jpeg', 0, '2026-01-30 19:55:46');
INSERT INTO `sys_file_record` VALUES (28, 2, 'D:\\桌面\\wall\\springboot\\.\\files\\2\\20260130\\1769775443400_d2eb549be84d4ba3929db9e4c2b27e90.png', 'http://localhost:19090/files/2/20260130/1769775443400_d2eb549be84d4ba3929db9e4c2b27e90.png', 0, '2026-01-30 20:17:23');
INSERT INTO `sys_file_record` VALUES (29, 2, 'D:\\桌面\\wall\\springboot\\.\\files\\2\\20260130\\1769778662984_ac1128194cb246d7a7e3be6acd24b57a.jpg', 'http://localhost:19090/files/2/20260130/1769778662984_ac1128194cb246d7a7e3be6acd24b57a.jpg', 0, '2026-01-30 21:11:03');
INSERT INTO `sys_file_record` VALUES (30, 2, 'D:\\桌面\\wall\\springboot\\.\\files\\2\\20260130\\1769778975916_919c24b76adb41f88a8ccfc4104c428e.jpg', 'http://localhost:19090/files/2/20260130/1769778975916_919c24b76adb41f88a8ccfc4104c428e.jpg', 0, '2026-01-30 21:16:15');
INSERT INTO `sys_file_record` VALUES (31, 2, 'D:\\桌面\\wall\\springboot\\.\\files\\2\\20260130\\1769779102139_e9c5c5722a654a2e8c39f1c3705abd51.jpeg', 'http://localhost:19090/files/2/20260130/1769779102139_e9c5c5722a654a2e8c39f1c3705abd51.jpeg', 0, '2026-01-30 21:18:22');
INSERT INTO `sys_file_record` VALUES (32, 2, 'D:\\桌面\\wall\\springboot\\.\\files\\2\\20260130\\1769779545085_1077769b790a4dae8b49a85e4a95041c.jpeg', 'http://localhost:19090/files/2/20260130/1769779545085_1077769b790a4dae8b49a85e4a95041c.jpeg', 0, '2026-01-30 21:25:45');
INSERT INTO `sys_file_record` VALUES (33, 1, 'D:\\桌面\\wall\\springboot\\.\\files\\1\\20260309\\1773058852903_d4125a4568a343ff985a853103972ae7.jpg', 'http://localhost:19090/files/1/20260309/1773058852903_d4125a4568a343ff985a853103972ae7.jpg', 0, '2026-03-09 20:20:52');
INSERT INTO `sys_file_record` VALUES (34, 2, 'D:\\桌面\\wall\\springboot\\.\\files\\2\\20260309\\1773064807165_25573765f510499199716a55c5cb40f2.jpg', 'http://localhost:19090/files/2/20260309/1773064807165_25573765f510499199716a55c5cb40f2.jpg', 0, '2026-03-09 22:00:07');
INSERT INTO `sys_file_record` VALUES (35, 2, 'D:\\桌面\\wall\\springboot\\.\\files\\2\\20260309\\1773065555954_69611e41967e49a19fe4b20e15cb9102.jpg', 'http://localhost:19090/files/2/20260309/1773065555954_69611e41967e49a19fe4b20e15cb9102.jpg', 0, '2026-03-09 22:12:35');
INSERT INTO `sys_file_record` VALUES (36, 1, 'D:\\桌面\\wall\\springboot\\.\\files\\1\\20260313\\1773414801998_980b725a32154f17931b18a60f3fb804.png', 'http://localhost:19090/files/1/20260313/1773414801998_980b725a32154f17931b18a60f3fb804.png', 0, '2026-03-13 23:13:22');
INSERT INTO `sys_file_record` VALUES (37, 1, 'D:\\桌面\\wall\\springboot\\.\\files\\1\\20260313\\1773414834396_cb7fce0b3e474debb1931c6e39e3787c.jpeg', 'http://localhost:19090/files/1/20260313/1773414834396_cb7fce0b3e474debb1931c6e39e3787c.jpeg', 0, '2026-03-13 23:13:54');

-- ----------------------------
-- Table structure for sys_follow
-- ----------------------------
DROP TABLE IF EXISTS `sys_follow`;
CREATE TABLE `sys_follow`  (
  `id` bigint NOT NULL AUTO_INCREMENT,
  `follower_id` bigint NOT NULL COMMENT '谁关注',
  `target_id` bigint NOT NULL COMMENT '关注了谁',
  `create_time` datetime NULL DEFAULT CURRENT_TIMESTAMP,
  PRIMARY KEY (`id`) USING BTREE,
  UNIQUE INDEX `uk_follow`(`follower_id` ASC, `target_id` ASC) USING BTREE
) ENGINE = InnoDB AUTO_INCREMENT = 7 CHARACTER SET = utf8mb4 COLLATE = utf8mb4_0900_ai_ci ROW_FORMAT = DYNAMIC;

-- ----------------------------
-- Records of sys_follow
-- ----------------------------
INSERT INTO `sys_follow` VALUES (3, 2, 3, '2026-01-20 12:00:05');
INSERT INTO `sys_follow` VALUES (4, 6, 2, '2026-01-30 22:55:23');
INSERT INTO `sys_follow` VALUES (5, 3, 2, '2026-03-08 16:38:26');
INSERT INTO `sys_follow` VALUES (6, 2, 12, '2026-03-09 21:16:44');

-- ----------------------------
-- Table structure for sys_notice
-- ----------------------------
DROP TABLE IF EXISTS `sys_notice`;
CREATE TABLE `sys_notice`  (
  `id` bigint NOT NULL AUTO_INCREMENT,
  `user_id` bigint NOT NULL COMMENT '接收者',
  `content` varchar(255) CHARACTER SET utf8mb4 COLLATE utf8mb4_0900_ai_ci NOT NULL,
  `type` tinyint(1) NOT NULL COMMENT '1:系统, 2:评论, 3:点赞, 4:关注',
  `is_read` tinyint(1) NULL DEFAULT 0,
  `create_time` datetime NULL DEFAULT CURRENT_TIMESTAMP,
  `sender_id` bigint NULL DEFAULT 0 COMMENT '发送者',
  `related_id` bigint NULL DEFAULT NULL COMMENT '关联ID',
  PRIMARY KEY (`id`) USING BTREE,
  INDEX `idx_notice_user`(`user_id` ASC, `is_read` ASC) USING BTREE,
  INDEX `idx_user_id`(`user_id` ASC) USING BTREE,
  INDEX `idx_is_read`(`is_read` ASC) USING BTREE
) ENGINE = InnoDB AUTO_INCREMENT = 15 CHARACTER SET = utf8mb4 COLLATE = utf8mb4_0900_ai_ci ROW_FORMAT = DYNAMIC;

-- ----------------------------
-- Records of sys_notice
-- ----------------------------
INSERT INTO `sys_notice` VALUES (1, 3, '挺不错的！', 2, 1, '2025-12-18 20:17:15', 4, 7);
INSERT INTO `sys_notice` VALUES (2, 7, '您的帖子因「发布垃圾广告或推广信息」已被管理员删除，请遵守社区规范。', 1, 0, '2025-12-20 23:57:53', 0, NULL);
INSERT INTO `sys_notice` VALUES (3, 68, '您已被管理员封禁，原因：永久封禁测试', 1, 0, '2025-12-21 19:18:04', 0, NULL);
INSERT INTO `sys_notice` VALUES (5, 108, '恭喜获得成就：初访者', 1, 1, '2026-01-16 16:00:29', 0, NULL);
INSERT INTO `sys_notice` VALUES (6, 7, '有人回复了你的漂流瓶', 1, 0, '2026-01-16 19:31:18', 2, 9);
INSERT INTO `sys_notice` VALUES (7, 7, '有人回复了你的漂流瓶', 1, 0, '2026-01-16 21:50:02', 2, 3);
INSERT INTO `sys_notice` VALUES (9, 18, '恭喜获得成就：初访者', 1, 1, '2026-01-19 12:09:16', 0, NULL);
INSERT INTO `sys_notice` VALUES (10, 135, '恭喜获得成就：初访者', 1, 1, '2026-01-19 21:00:10', 0, NULL);
INSERT INTO `sys_notice` VALUES (11, 135, '有人回复了你的漂流瓶', 1, 0, '2026-01-28 23:26:03', 2, 18);
INSERT INTO `sys_notice` VALUES (12, 136, '您已被管理员封禁，原因：11', 1, 0, '2026-03-23 23:20:32', 0, NULL);
INSERT INTO `sys_notice` VALUES (13, 16, '恭喜获得成就：初访者', 1, 0, '2026-04-04 18:25:32', 0, NULL);
INSERT INTO `sys_notice` VALUES (14, 10, '有人回复了你的漂流瓶', 1, 1, '2026-04-04 18:25:36', 16, 20);

-- ----------------------------
-- Table structure for sys_post_like
-- ----------------------------
DROP TABLE IF EXISTS `sys_post_like`;
CREATE TABLE `sys_post_like`  (
  `id` bigint NOT NULL AUTO_INCREMENT,
  `post_id` bigint NOT NULL COMMENT '帖子ID',
  `user_id` bigint NOT NULL COMMENT '点赞用户ID',
  `create_time` datetime NULL DEFAULT CURRENT_TIMESTAMP,
  PRIMARY KEY (`id`) USING BTREE,
  UNIQUE INDEX `uk_post_user`(`post_id` ASC, `user_id` ASC) USING BTREE COMMENT '防止重复点赞'
) ENGINE = InnoDB AUTO_INCREMENT = 235 CHARACTER SET = utf8mb4 COLLATE = utf8mb4_0900_ai_ci COMMENT = '帖子点赞记录表' ROW_FORMAT = DYNAMIC;

-- ----------------------------
-- Records of sys_post_like
-- ----------------------------
INSERT INTO `sys_post_like` VALUES (1, 7, 3, '2025-12-18 20:04:47');
INSERT INTO `sys_post_like` VALUES (2, 6, 4, '2025-12-18 20:18:00');
INSERT INTO `sys_post_like` VALUES (3, 24, 5, '2025-12-05 20:43:45');
INSERT INTO `sys_post_like` VALUES (4, 34, 2, '2025-12-15 03:43:45');
INSERT INTO `sys_post_like` VALUES (5, 31, 5, '2025-12-03 06:43:45');
INSERT INTO `sys_post_like` VALUES (6, 12, 2, '2025-12-03 04:43:45');
INSERT INTO `sys_post_like` VALUES (7, 36, 6, '2025-12-11 08:43:45');
INSERT INTO `sys_post_like` VALUES (8, 31, 7, '2025-12-05 07:43:45');
INSERT INTO `sys_post_like` VALUES (9, 9, 6, '2025-12-18 08:43:45');
INSERT INTO `sys_post_like` VALUES (10, 32, 6, '2025-12-16 04:43:45');
INSERT INTO `sys_post_like` VALUES (11, 26, 6, '2025-12-07 05:43:45');
INSERT INTO `sys_post_like` VALUES (12, 35, 6, '2025-12-03 01:43:45');
INSERT INTO `sys_post_like` VALUES (13, 32, 2, '2025-12-05 11:43:45');
INSERT INTO `sys_post_like` VALUES (14, 17, 2, '2025-12-17 07:43:45');
INSERT INTO `sys_post_like` VALUES (15, 26, 7, '2025-12-18 20:43:45');
INSERT INTO `sys_post_like` VALUES (16, 23, 5, '2025-12-16 07:43:45');
INSERT INTO `sys_post_like` VALUES (17, 24, 2, '2025-12-05 09:43:45');
INSERT INTO `sys_post_like` VALUES (18, 28, 6, '2025-12-15 10:43:45');
INSERT INTO `sys_post_like` VALUES (19, 23, 6, '2025-12-14 00:43:45');
INSERT INTO `sys_post_like` VALUES (20, 32, 7, '2025-12-03 20:43:45');
INSERT INTO `sys_post_like` VALUES (21, 34, 5, '2025-12-05 15:43:45');
INSERT INTO `sys_post_like` VALUES (22, 27, 6, '2025-12-09 15:43:45');
INSERT INTO `sys_post_like` VALUES (23, 36, 2, '2025-12-16 07:43:45');
INSERT INTO `sys_post_like` VALUES (24, 14, 2, '2025-12-11 09:43:45');
INSERT INTO `sys_post_like` VALUES (25, 27, 2, '2025-12-13 19:43:45');
INSERT INTO `sys_post_like` VALUES (26, 28, 2, '2025-12-14 19:43:45');
INSERT INTO `sys_post_like` VALUES (27, 17, 5, '2025-12-10 08:43:45');
INSERT INTO `sys_post_like` VALUES (28, 10, 6, '2025-12-17 02:43:45');
INSERT INTO `sys_post_like` VALUES (29, 9, 7, '2025-12-13 02:43:45');
INSERT INTO `sys_post_like` VALUES (30, 14, 5, '2025-12-10 14:43:45');
INSERT INTO `sys_post_like` VALUES (31, 31, 2, '2025-12-16 13:43:45');
INSERT INTO `sys_post_like` VALUES (32, 18, 7, '2025-12-08 05:43:45');
INSERT INTO `sys_post_like` VALUES (33, 8, 5, '2025-12-08 21:43:45');
INSERT INTO `sys_post_like` VALUES (34, 6, 2, '2025-12-16 21:43:45');
INSERT INTO `sys_post_like` VALUES (35, 6, 6, '2025-12-15 13:43:45');
INSERT INTO `sys_post_like` VALUES (36, 18, 6, '2025-12-04 13:43:45');
INSERT INTO `sys_post_like` VALUES (37, 24, 6, '2025-12-14 19:43:45');
INSERT INTO `sys_post_like` VALUES (38, 18, 5, '2025-12-09 02:43:45');
INSERT INTO `sys_post_like` VALUES (39, 6, 7, '2025-12-18 16:43:45');
INSERT INTO `sys_post_like` VALUES (40, 16, 2, '2025-12-16 20:43:45');
INSERT INTO `sys_post_like` VALUES (41, 17, 6, '2025-12-06 06:43:45');
INSERT INTO `sys_post_like` VALUES (42, 37, 2, '2025-12-08 20:43:45');
INSERT INTO `sys_post_like` VALUES (43, 21, 5, '2025-12-18 07:43:45');
INSERT INTO `sys_post_like` VALUES (44, 15, 6, '2025-12-04 04:43:45');
INSERT INTO `sys_post_like` VALUES (45, 13, 6, '2025-12-09 11:43:45');
INSERT INTO `sys_post_like` VALUES (46, 29, 6, '2025-12-09 11:43:45');
INSERT INTO `sys_post_like` VALUES (47, 28, 5, '2025-12-12 01:43:45');
INSERT INTO `sys_post_like` VALUES (48, 27, 5, '2025-12-18 06:43:45');
INSERT INTO `sys_post_like` VALUES (49, 9, 5, '2025-12-04 22:43:45');
INSERT INTO `sys_post_like` VALUES (50, 35, 5, '2025-12-11 11:43:45');
INSERT INTO `sys_post_like` VALUES (51, 28, 7, '2025-12-07 08:43:45');
INSERT INTO `sys_post_like` VALUES (52, 20, 5, '2025-12-04 17:43:45');
INSERT INTO `sys_post_like` VALUES (53, 32, 5, '2025-12-14 13:43:45');
INSERT INTO `sys_post_like` VALUES (54, 16, 7, '2025-12-09 19:43:45');
INSERT INTO `sys_post_like` VALUES (55, 9, 2, '2025-12-17 15:43:45');
INSERT INTO `sys_post_like` VALUES (56, 37, 5, '2025-12-18 07:43:45');
INSERT INTO `sys_post_like` VALUES (57, 36, 7, '2025-12-10 20:43:45');
INSERT INTO `sys_post_like` VALUES (58, 13, 7, '2025-12-07 08:43:45');
INSERT INTO `sys_post_like` VALUES (59, 21, 2, '2025-12-16 01:43:45');
INSERT INTO `sys_post_like` VALUES (60, 37, 6, '2025-12-12 00:43:45');
INSERT INTO `sys_post_like` VALUES (61, 37, 7, '2025-12-12 00:43:45');
INSERT INTO `sys_post_like` VALUES (62, 12, 5, '2025-12-13 20:43:45');
INSERT INTO `sys_post_like` VALUES (63, 19, 6, '2025-12-17 23:43:45');
INSERT INTO `sys_post_like` VALUES (64, 33, 5, '2025-12-08 23:43:45');
INSERT INTO `sys_post_like` VALUES (65, 7, 6, '2025-12-08 06:43:45');
INSERT INTO `sys_post_like` VALUES (66, 13, 2, '2025-12-12 22:43:45');
INSERT INTO `sys_post_like` VALUES (67, 8, 7, '2025-12-14 15:43:45');
INSERT INTO `sys_post_like` VALUES (68, 29, 5, '2025-12-06 02:43:45');
INSERT INTO `sys_post_like` VALUES (69, 24, 7, '2025-12-04 09:43:45');
INSERT INTO `sys_post_like` VALUES (70, 23, 2, '2025-12-06 15:43:45');
INSERT INTO `sys_post_like` VALUES (71, 15, 7, '2025-12-11 19:43:45');
INSERT INTO `sys_post_like` VALUES (72, 33, 2, '2025-12-04 06:43:45');
INSERT INTO `sys_post_like` VALUES (73, 34, 7, '2025-12-04 08:43:45');
INSERT INTO `sys_post_like` VALUES (74, 6, 5, '2025-12-11 23:43:45');
INSERT INTO `sys_post_like` VALUES (75, 15, 2, '2025-12-05 23:43:45');
INSERT INTO `sys_post_like` VALUES (76, 17, 7, '2025-12-10 23:43:45');
INSERT INTO `sys_post_like` VALUES (77, 18, 2, '2025-12-14 20:43:45');
INSERT INTO `sys_post_like` VALUES (78, 33, 7, '2025-12-16 18:43:45');
INSERT INTO `sys_post_like` VALUES (79, 19, 5, '2025-12-08 01:43:45');
INSERT INTO `sys_post_like` VALUES (80, 12, 7, '2025-12-05 19:43:45');
INSERT INTO `sys_post_like` VALUES (81, 36, 5, '2025-12-02 21:43:45');
INSERT INTO `sys_post_like` VALUES (82, 10, 7, '2025-12-09 02:43:45');
INSERT INTO `sys_post_like` VALUES (83, 35, 2, '2025-12-10 18:43:45');
INSERT INTO `sys_post_like` VALUES (84, 19, 2, '2025-12-17 15:43:45');
INSERT INTO `sys_post_like` VALUES (85, 34, 6, '2025-12-07 08:43:45');
INSERT INTO `sys_post_like` VALUES (86, 14, 7, '2025-12-04 21:43:45');
INSERT INTO `sys_post_like` VALUES (87, 10, 5, '2025-12-16 05:43:45');
INSERT INTO `sys_post_like` VALUES (88, 20, 6, '2025-12-07 22:43:45');
INSERT INTO `sys_post_like` VALUES (89, 27, 7, '2025-12-17 02:43:45');
INSERT INTO `sys_post_like` VALUES (90, 12, 6, '2025-12-16 03:43:45');
INSERT INTO `sys_post_like` VALUES (91, 20, 2, '2025-12-06 11:43:45');
INSERT INTO `sys_post_like` VALUES (92, 7, 7, '2025-12-10 12:43:45');
INSERT INTO `sys_post_like` VALUES (93, 7, 2, '2025-12-18 01:43:45');
INSERT INTO `sys_post_like` VALUES (94, 31, 6, '2025-12-10 16:43:45');
INSERT INTO `sys_post_like` VALUES (95, 29, 2, '2025-12-15 06:43:45');
INSERT INTO `sys_post_like` VALUES (96, 35, 7, '2025-12-13 07:43:45');
INSERT INTO `sys_post_like` VALUES (97, 15, 5, '2025-12-07 22:43:45');
INSERT INTO `sys_post_like` VALUES (98, 19, 7, '2025-12-06 13:43:45');
INSERT INTO `sys_post_like` VALUES (99, 7, 5, '2025-12-17 18:43:45');
INSERT INTO `sys_post_like` VALUES (100, 26, 5, '2025-12-08 05:43:45');
INSERT INTO `sys_post_like` VALUES (101, 21, 6, '2025-12-06 12:43:45');
INSERT INTO `sys_post_like` VALUES (102, 21, 7, '2025-12-09 12:43:45');
INSERT INTO `sys_post_like` VALUES (103, 14, 6, '2025-12-14 14:43:45');
INSERT INTO `sys_post_like` VALUES (104, 23, 7, '2025-12-07 22:43:45');
INSERT INTO `sys_post_like` VALUES (105, 8, 6, '2025-12-10 22:43:45');
INSERT INTO `sys_post_like` VALUES (106, 33, 6, '2025-12-04 13:43:45');
INSERT INTO `sys_post_like` VALUES (107, 10, 2, '2025-12-03 13:43:45');
INSERT INTO `sys_post_like` VALUES (108, 16, 6, '2025-12-05 00:43:45');
INSERT INTO `sys_post_like` VALUES (109, 26, 2, '2025-12-14 01:43:45');
INSERT INTO `sys_post_like` VALUES (110, 29, 7, '2025-12-18 07:43:45');
INSERT INTO `sys_post_like` VALUES (111, 8, 2, '2025-12-14 17:43:45');
INSERT INTO `sys_post_like` VALUES (112, 20, 7, '2025-12-06 12:43:45');
INSERT INTO `sys_post_like` VALUES (113, 16, 5, '2025-12-06 00:43:45');
INSERT INTO `sys_post_like` VALUES (114, 57, 6, '2025-12-05 09:18:32');
INSERT INTO `sys_post_like` VALUES (115, 53, 7, '2025-12-09 02:18:32');
INSERT INTO `sys_post_like` VALUES (116, 39, 6, '2025-12-13 18:18:32');
INSERT INTO `sys_post_like` VALUES (117, 46, 2, '2025-12-04 19:18:32');
INSERT INTO `sys_post_like` VALUES (118, 41, 6, '2025-12-12 10:18:32');
INSERT INTO `sys_post_like` VALUES (119, 44, 7, '2025-12-07 03:18:32');
INSERT INTO `sys_post_like` VALUES (120, 40, 6, '2025-12-10 04:18:32');
INSERT INTO `sys_post_like` VALUES (121, 41, 5, '2025-12-17 17:18:32');
INSERT INTO `sys_post_like` VALUES (122, 38, 2, '2025-12-13 09:18:32');
INSERT INTO `sys_post_like` VALUES (123, 47, 2, '2025-12-11 05:18:32');
INSERT INTO `sys_post_like` VALUES (124, 63, 5, '2025-12-06 11:18:32');
INSERT INTO `sys_post_like` VALUES (125, 65, 5, '2025-12-03 16:18:32');
INSERT INTO `sys_post_like` VALUES (126, 39, 2, '2025-12-08 14:18:32');
INSERT INTO `sys_post_like` VALUES (127, 50, 5, '2025-12-07 08:18:33');
INSERT INTO `sys_post_like` VALUES (128, 65, 6, '2025-12-12 03:18:33');
INSERT INTO `sys_post_like` VALUES (129, 66, 5, '2025-12-14 10:18:33');
INSERT INTO `sys_post_like` VALUES (130, 55, 7, '2025-12-04 21:18:33');
INSERT INTO `sys_post_like` VALUES (131, 40, 2, '2025-12-07 01:18:33');
INSERT INTO `sys_post_like` VALUES (132, 43, 7, '2025-12-05 21:18:33');
INSERT INTO `sys_post_like` VALUES (133, 47, 7, '2025-12-12 08:18:33');
INSERT INTO `sys_post_like` VALUES (134, 48, 2, '2025-12-08 23:18:33');
INSERT INTO `sys_post_like` VALUES (135, 51, 2, '2025-12-07 08:18:33');
INSERT INTO `sys_post_like` VALUES (136, 50, 7, '2025-12-17 13:18:33');
INSERT INTO `sys_post_like` VALUES (137, 49, 5, '2025-12-03 06:18:33');
INSERT INTO `sys_post_like` VALUES (138, 46, 7, '2025-12-07 13:18:33');
INSERT INTO `sys_post_like` VALUES (139, 56, 2, '2025-12-17 01:18:33');
INSERT INTO `sys_post_like` VALUES (140, 39, 5, '2025-12-04 00:18:33');
INSERT INTO `sys_post_like` VALUES (141, 41, 7, '2025-12-05 15:18:33');
INSERT INTO `sys_post_like` VALUES (142, 13, 5, '2025-12-05 21:18:33');
INSERT INTO `sys_post_like` VALUES (143, 55, 6, '2025-12-15 05:18:33');
INSERT INTO `sys_post_like` VALUES (144, 45, 5, '2025-12-18 07:18:33');
INSERT INTO `sys_post_like` VALUES (145, 49, 7, '2025-12-17 23:18:33');
INSERT INTO `sys_post_like` VALUES (146, 38, 5, '2025-12-16 01:18:33');
INSERT INTO `sys_post_like` VALUES (147, 48, 7, '2025-12-09 18:18:33');
INSERT INTO `sys_post_like` VALUES (148, 42, 6, '2025-12-04 15:18:33');
INSERT INTO `sys_post_like` VALUES (149, 52, 6, '2025-12-12 08:18:33');
INSERT INTO `sys_post_like` VALUES (150, 51, 6, '2025-12-09 23:18:33');
INSERT INTO `sys_post_like` VALUES (151, 66, 6, '2025-12-10 12:18:33');
INSERT INTO `sys_post_like` VALUES (152, 50, 6, '2025-12-12 15:18:33');
INSERT INTO `sys_post_like` VALUES (153, 53, 6, '2025-12-17 16:18:33');
INSERT INTO `sys_post_like` VALUES (154, 45, 7, '2025-12-05 05:18:33');
INSERT INTO `sys_post_like` VALUES (155, 42, 7, '2025-12-08 22:18:33');
INSERT INTO `sys_post_like` VALUES (156, 49, 6, '2025-12-12 16:18:33');
INSERT INTO `sys_post_like` VALUES (157, 46, 6, '2025-12-17 07:18:33');
INSERT INTO `sys_post_like` VALUES (158, 66, 7, '2025-12-08 01:18:33');
INSERT INTO `sys_post_like` VALUES (159, 54, 2, '2025-12-17 09:18:33');
INSERT INTO `sys_post_like` VALUES (160, 53, 2, '2025-12-13 03:18:33');
INSERT INTO `sys_post_like` VALUES (161, 39, 7, '2025-12-07 17:18:33');
INSERT INTO `sys_post_like` VALUES (162, 63, 2, '2025-12-09 10:18:33');
INSERT INTO `sys_post_like` VALUES (163, 51, 7, '2025-12-06 15:18:33');
INSERT INTO `sys_post_like` VALUES (164, 48, 5, '2025-12-10 21:18:33');
INSERT INTO `sys_post_like` VALUES (165, 63, 6, '2025-12-10 19:18:33');
INSERT INTO `sys_post_like` VALUES (166, 38, 7, '2025-12-07 21:18:33');
INSERT INTO `sys_post_like` VALUES (167, 49, 2, '2025-12-17 22:18:33');
INSERT INTO `sys_post_like` VALUES (168, 56, 5, '2025-12-04 16:18:33');
INSERT INTO `sys_post_like` VALUES (169, 40, 5, '2025-12-13 10:18:33');
INSERT INTO `sys_post_like` VALUES (170, 63, 7, '2025-12-03 11:18:33');
INSERT INTO `sys_post_like` VALUES (171, 55, 5, '2025-12-14 03:18:33');
INSERT INTO `sys_post_like` VALUES (172, 50, 2, '2025-12-06 15:18:33');
INSERT INTO `sys_post_like` VALUES (173, 47, 5, '2025-12-18 17:18:33');
INSERT INTO `sys_post_like` VALUES (174, 46, 5, '2025-12-05 10:18:33');
INSERT INTO `sys_post_like` VALUES (175, 44, 6, '2025-12-03 14:18:33');
INSERT INTO `sys_post_like` VALUES (176, 52, 7, '2025-12-05 11:18:33');
INSERT INTO `sys_post_like` VALUES (177, 43, 5, '2025-12-10 04:18:33');
INSERT INTO `sys_post_like` VALUES (178, 43, 2, '2025-12-11 03:18:33');
INSERT INTO `sys_post_like` VALUES (179, 55, 2, '2025-12-17 03:18:33');
INSERT INTO `sys_post_like` VALUES (180, 52, 2, '2025-12-06 04:18:33');
INSERT INTO `sys_post_like` VALUES (181, 43, 6, '2025-12-03 21:18:33');
INSERT INTO `sys_post_like` VALUES (182, 57, 2, '2025-12-03 02:18:33');
INSERT INTO `sys_post_like` VALUES (183, 54, 6, '2025-12-14 12:18:33');
INSERT INTO `sys_post_like` VALUES (184, 44, 2, '2025-12-11 17:18:33');
INSERT INTO `sys_post_like` VALUES (185, 56, 7, '2025-12-10 11:18:33');
INSERT INTO `sys_post_like` VALUES (186, 40, 7, '2025-12-09 10:18:33');
INSERT INTO `sys_post_like` VALUES (187, 42, 5, '2025-12-08 12:18:33');
INSERT INTO `sys_post_like` VALUES (188, 52, 5, '2025-12-18 08:18:33');
INSERT INTO `sys_post_like` VALUES (189, 66, 2, '2025-12-12 15:18:33');
INSERT INTO `sys_post_like` VALUES (190, 51, 5, '2025-12-04 01:18:33');
INSERT INTO `sys_post_like` VALUES (191, 45, 2, '2025-12-17 14:18:33');
INSERT INTO `sys_post_like` VALUES (192, 41, 2, '2025-12-15 18:18:33');
INSERT INTO `sys_post_like` VALUES (193, 47, 6, '2025-12-08 19:18:33');
INSERT INTO `sys_post_like` VALUES (194, 57, 7, '2025-12-09 17:18:33');
INSERT INTO `sys_post_like` VALUES (195, 56, 6, '2025-12-06 01:18:33');
INSERT INTO `sys_post_like` VALUES (196, 38, 6, '2025-12-05 07:18:33');
INSERT INTO `sys_post_like` VALUES (197, 53, 5, '2025-12-03 23:18:33');
INSERT INTO `sys_post_like` VALUES (198, 42, 2, '2025-12-09 05:18:33');
INSERT INTO `sys_post_like` VALUES (199, 45, 6, '2025-12-05 16:18:33');
INSERT INTO `sys_post_like` VALUES (203, 73, 134, '2026-01-18 15:36:23');
INSERT INTO `sys_post_like` VALUES (221, 73, 18, '2026-01-19 12:10:41');
INSERT INTO `sys_post_like` VALUES (222, 72, 18, '2026-01-19 12:10:44');
INSERT INTO `sys_post_like` VALUES (231, 79, 2, '2026-03-09 21:15:30');

-- ----------------------------
-- Table structure for sys_punishment
-- ----------------------------
DROP TABLE IF EXISTS `sys_punishment`;
CREATE TABLE `sys_punishment`  (
  `id` bigint NOT NULL AUTO_INCREMENT,
  `user_id` bigint NOT NULL COMMENT '被罚人',
  `type` tinyint(1) NOT NULL COMMENT '1:扣分 2:封号',
  `score_deducted` int NULL DEFAULT 0 COMMENT '扣分数',
  `duration_days` int NULL DEFAULT 0 COMMENT '封号天数(记录用)',
  `reason` varchar(255) CHARACTER SET utf8mb4 COLLATE utf8mb4_0900_ai_ci NOT NULL,
  `create_time` datetime NULL DEFAULT CURRENT_TIMESTAMP,
  PRIMARY KEY (`id`) USING BTREE
) ENGINE = InnoDB AUTO_INCREMENT = 8 CHARACTER SET = utf8mb4 COLLATE = utf8mb4_0900_ai_ci ROW_FORMAT = DYNAMIC;

-- ----------------------------
-- Records of sys_punishment
-- ----------------------------
INSERT INTO `sys_punishment` VALUES (1, 7, 1, 0, 0, '帖子违规删除: 发布垃圾广告或推广信息', '2025-12-20 23:57:53');
INSERT INTO `sys_punishment` VALUES (2, 2, 3, 0, 0, '管理员手动解封', '2025-12-21 19:17:30');
INSERT INTO `sys_punishment` VALUES (3, 68, 2, 0, -1, '永久封禁测试', '2025-12-21 19:18:04');
INSERT INTO `sys_punishment` VALUES (4, 123, 3, 0, 0, '管理员手动解封', '2026-03-08 16:49:35');
INSERT INTO `sys_punishment` VALUES (5, 124, 3, 0, 0, '管理员手动解封', '2026-03-08 16:49:46');
INSERT INTO `sys_punishment` VALUES (6, 136, 2, 0, 1, '11', '2026-03-23 23:20:32');
INSERT INTO `sys_punishment` VALUES (7, 136, 3, 0, 0, '管理员手动解封', '2026-03-23 23:21:21');

-- ----------------------------
-- Table structure for sys_report
-- ----------------------------
DROP TABLE IF EXISTS `sys_report`;
CREATE TABLE `sys_report`  (
  `id` bigint NOT NULL AUTO_INCREMENT,
  `user_id` bigint NOT NULL COMMENT '举报人',
  `post_id` bigint NOT NULL COMMENT '被举报贴',
  `reason` varchar(255) CHARACTER SET utf8mb4 COLLATE utf8mb4_0900_ai_ci NOT NULL,
  `status` tinyint(1) NULL DEFAULT 0 COMMENT '0:待处理 1:有效举报 2:无效举报',
  `create_time` datetime NULL DEFAULT CURRENT_TIMESTAMP,
  PRIMARY KEY (`id`) USING BTREE
) ENGINE = InnoDB AUTO_INCREMENT = 7 CHARACTER SET = utf8mb4 COLLATE = utf8mb4_0900_ai_ci ROW_FORMAT = DYNAMIC;

-- ----------------------------
-- Records of sys_report
-- ----------------------------
INSERT INTO `sys_report` VALUES (2, 3, 6, '垃圾广告', 0, '2025-12-03 22:38:13');
INSERT INTO `sys_report` VALUES (3, 4, 7, '辱骂攻击', 0, '2025-12-18 20:17:48');
INSERT INTO `sys_report` VALUES (4, 7, 66, '欺诈骗钱', 0, '2025-12-18 21:22:50');
INSERT INTO `sys_report` VALUES (5, 2, 76, '垃圾广告', 0, '2026-01-28 23:24:26');
INSERT INTO `sys_report` VALUES (6, 2, 76, '辱骂攻击', 0, '2026-01-28 23:24:31');

-- ----------------------------
-- Table structure for sys_sensitive
-- ----------------------------
DROP TABLE IF EXISTS `sys_sensitive`;
CREATE TABLE `sys_sensitive`  (
  `id` bigint NOT NULL AUTO_INCREMENT,
  `word` varchar(100) CHARACTER SET utf8mb4 COLLATE utf8mb4_0900_ai_ci NOT NULL COMMENT '敏感词',
  `create_time` datetime NULL DEFAULT CURRENT_TIMESTAMP,
  PRIMARY KEY (`id`) USING BTREE,
  UNIQUE INDEX `uk_word`(`word` ASC) USING BTREE
) ENGINE = InnoDB AUTO_INCREMENT = 46 CHARACTER SET = utf8mb4 COLLATE = utf8mb4_0900_ai_ci ROW_FORMAT = DYNAMIC;

-- ----------------------------
-- Records of sys_sensitive
-- ----------------------------
INSERT INTO `sys_sensitive` VALUES (1, 'T.M.D', '2025-11-27 13:13:23');
INSERT INTO `sys_sensitive` VALUES (2, 'fuck', '2025-11-27 13:13:23');
INSERT INTO `sys_sensitive` VALUES (3, '傻B', '2025-11-27 13:13:23');
INSERT INTO `sys_sensitive` VALUES (4, '傻逼', '2025-11-27 13:13:23');
INSERT INTO `sys_sensitive` VALUES (5, '操你妈', '2025-11-27 13:13:23');
INSERT INTO `sys_sensitive` VALUES (6, '滚蛋', '2025-11-27 13:13:23');
INSERT INTO `sys_sensitive` VALUES (7, '混蛋', '2025-11-27 13:13:23');
INSERT INTO `sys_sensitive` VALUES (8, '变态', '2025-11-27 13:13:23');
INSERT INTO `sys_sensitive` VALUES (9, '色情', '2025-11-27 13:13:23');
INSERT INTO `sys_sensitive` VALUES (10, '暴力', '2025-11-27 13:13:23');
INSERT INTO `sys_sensitive` VALUES (11, '恐怖', '2025-11-27 13:13:23');
INSERT INTO `sys_sensitive` VALUES (12, '杀人', '2025-11-27 13:13:23');
INSERT INTO `sys_sensitive` VALUES (13, '炸药', '2025-11-27 13:13:23');
INSERT INTO `sys_sensitive` VALUES (14, '枪支', '2025-11-27 13:13:23');
INSERT INTO `sys_sensitive` VALUES (15, '毒品', '2025-11-27 13:13:23');
INSERT INTO `sys_sensitive` VALUES (16, '赌博', '2025-11-27 13:13:23');
INSERT INTO `sys_sensitive` VALUES (17, '六合彩', '2025-11-27 13:13:23');
INSERT INTO `sys_sensitive` VALUES (18, '法轮功', '2025-11-27 13:13:23');
INSERT INTO `sys_sensitive` VALUES (19, '台独', '2025-11-27 13:13:23');
INSERT INTO `sys_sensitive` VALUES (20, '港独', '2025-11-27 13:13:23');
INSERT INTO `sys_sensitive` VALUES (21, '藏独', '2025-11-27 13:13:23');
INSERT INTO `sys_sensitive` VALUES (22, '反共', '2025-11-27 13:13:23');
INSERT INTO `sys_sensitive` VALUES (23, '共产党', '2025-11-27 13:13:23');
INSERT INTO `sys_sensitive` VALUES (24, '政府', '2025-11-27 13:13:23');
INSERT INTO `sys_sensitive` VALUES (25, '习近平', '2025-11-27 13:13:23');
INSERT INTO `sys_sensitive` VALUES (26, '李克强', '2025-11-27 13:13:23');
INSERT INTO `sys_sensitive` VALUES (27, '毛泽东', '2025-11-27 13:13:23');
INSERT INTO `sys_sensitive` VALUES (28, '江泽民', '2025-11-27 13:13:23');
INSERT INTO `sys_sensitive` VALUES (29, '胡锦涛', '2025-11-27 13:13:23');
INSERT INTO `sys_sensitive` VALUES (30, '温家宝', '2025-11-27 13:13:23');
INSERT INTO `sys_sensitive` VALUES (31, '邓小平', '2025-11-27 13:13:23');
INSERT INTO `sys_sensitive` VALUES (32, '周永康', '2025-11-27 13:13:23');
INSERT INTO `sys_sensitive` VALUES (33, '薄熙来', '2025-11-27 13:13:23');
INSERT INTO `sys_sensitive` VALUES (34, '王立军', '2025-11-27 13:13:23');
INSERT INTO `sys_sensitive` VALUES (35, '办证', '2025-11-27 13:13:23');
INSERT INTO `sys_sensitive` VALUES (36, '贷款', '2025-11-27 13:13:23');
INSERT INTO `sys_sensitive` VALUES (37, '发票', '2025-11-27 13:13:23');
INSERT INTO `sys_sensitive` VALUES (38, '裸聊', '2025-11-27 13:13:23');
INSERT INTO `sys_sensitive` VALUES (39, 'av', '2025-11-27 13:13:23');
INSERT INTO `sys_sensitive` VALUES (40, '女优', '2025-11-27 13:13:23');
INSERT INTO `sys_sensitive` VALUES (41, '三级片', '2025-11-27 13:13:23');
INSERT INTO `sys_sensitive` VALUES (42, '迷药', '2025-11-27 13:13:23');
INSERT INTO `sys_sensitive` VALUES (43, '监听', '2025-11-27 13:13:23');
INSERT INTO `sys_sensitive` VALUES (44, '定位器', '2025-11-27 13:13:23');
INSERT INTO `sys_sensitive` VALUES (45, 'sb', '2026-03-24 22:09:51');

-- ----------------------------
-- Table structure for sys_user
-- ----------------------------
DROP TABLE IF EXISTS `sys_user`;
CREATE TABLE `sys_user`  (
  `id` bigint NOT NULL AUTO_INCREMENT,
  `account` varchar(20) CHARACTER SET utf8mb4 COLLATE utf8mb4_0900_ai_ci NOT NULL COMMENT '账号(学号/手机)',
  `password` varchar(100) CHARACTER SET utf8mb4 COLLATE utf8mb4_0900_ai_ci NOT NULL COMMENT '密码',
  `nickname` varchar(50) CHARACTER SET utf8mb4 COLLATE utf8mb4_0900_ai_ci NULL DEFAULT NULL COMMENT '昵称(代码中设置为张院+后4位)',
  `avatar` varchar(255) CHARACTER SET utf8mb4 COLLATE utf8mb4_0900_ai_ci NULL DEFAULT '/files/default.png' COMMENT '头像(本地路径)',
  `signature` varchar(200) CHARACTER SET utf8mb4 COLLATE utf8mb4_0900_ai_ci NULL DEFAULT NULL COMMENT '个性签名',
  `role` tinyint(1) NULL DEFAULT 0 COMMENT '0:用户, 1:管理员',
  `status` tinyint(1) NULL DEFAULT 1 COMMENT '1:正常, 0:禁言/封号',
  `create_time` datetime NULL DEFAULT CURRENT_TIMESTAMP,
  `ban_end_time` datetime NULL DEFAULT NULL COMMENT '封禁截止时间',
  `credit_score` int NULL DEFAULT 100 COMMENT '信誉分',
  `violation_count` int NULL DEFAULT 0 COMMENT '违规次数',
  `cover_image` varchar(255) CHARACTER SET utf8mb4 COLLATE utf8mb4_0900_ai_ci NULL DEFAULT '/files/default_cover.jpg' COMMENT '个人主页封面',
  `last_nickname_update` datetime NULL DEFAULT NULL COMMENT '上次修改昵称时间',
  `last_active_time` datetime NULL DEFAULT NULL COMMENT '最后离线时间',
  `following_count` int NULL DEFAULT 0 COMMENT '关注数',
  `followers_count` int NULL DEFAULT 0 COMMENT '粉丝数',
  PRIMARY KEY (`id`) USING BTREE,
  UNIQUE INDEX `uk_account`(`account` ASC) USING BTREE
) ENGINE = InnoDB AUTO_INCREMENT = 137 CHARACTER SET = utf8mb4 COLLATE = utf8mb4_0900_ai_ci ROW_FORMAT = DYNAMIC;

-- ----------------------------
-- Records of sys_user
-- ----------------------------
INSERT INTO `sys_user` VALUES (1, 'admin', '$2a$10$29naNhmoCRwd.vE/s/pFB.Y2gqLlOB7/.8YGTLEK7cgLkK4BPru8C', '管理员', '/files/default.png', '', 1, 1, '2025-11-24 12:34:39', NULL, NULL, NULL, '/files/default_cover.jpg', NULL, '2026-04-06 21:37:12', 0, 0);
INSERT INTO `sys_user` VALUES (2, '2212040241', '$2a$10$29naNhmoCRwd.vE/s/pFB.Y2gqLlOB7/.8YGTLEK7cgLkK4BPru8C', '张院0241', 'http://localhost:19090/files/2/20260309/1773064807165_25573765f510499199716a55c5cb40f2.jpg', '', 0, 1, '2025-11-24 22:24:28', NULL, 98, NULL, 'http://localhost:19090/files/2/20260309/1773065555954_69611e41967e49a19fe4b20e15cb9102.jpg', NULL, '2026-03-28 14:02:15', 2, 2);
INSERT INTO `sys_user` VALUES (3, '2212040201', '$2a$10$29naNhmoCRwd.vE/s/pFB.Y2gqLlOB7/.8YGTLEK7cgLkK4BPru8C', '张院0201', '/files/default.png', '', 0, 1, '2025-11-24 22:24:28', NULL, 100, NULL, '/files/default_cover.jpg', NULL, '2026-03-08 16:50:02', 1, 1);
INSERT INTO `sys_user` VALUES (4, '2212040202', '$2a$10$29naNhmoCRwd.vE/s/pFB.Y2gqLlOB7/.8YGTLEK7cgLkK4BPru8C', '张院0202', '/files/default.png', '', 0, 1, '2025-11-24 22:24:28', NULL, NULL, NULL, '/files/default_cover.jpg', NULL, NULL, 0, 0);
INSERT INTO `sys_user` VALUES (5, '2212040203', '$2a$10$29naNhmoCRwd.vE/s/pFB.Y2gqLlOB7/.8YGTLEK7cgLkK4BPru8C', '张院0203', '/files/default.png', '', 0, 1, '2025-11-24 22:24:28', NULL, 100, 0, '/files/default_cover.jpg', NULL, NULL, 0, 0);
INSERT INTO `sys_user` VALUES (6, '2212040204', '$2a$10$29naNhmoCRwd.vE/s/pFB.Y2gqLlOB7/.8YGTLEK7cgLkK4BPru8C', '张院0204', '/files/default.png', '', 0, 1, '2025-11-24 22:24:28', '2025-12-25 21:18:33', 100, 1, '/files/default_cover.jpg', NULL, '2026-01-30 23:14:18', 1, 0);
INSERT INTO `sys_user` VALUES (7, '2212040205', '$2a$10$29naNhmoCRwd.vE/s/pFB.Y2gqLlOB7/.8YGTLEK7cgLkK4BPru8C', '张院0205', '/files/default.png', '', 0, 1, '2025-11-24 22:24:28', NULL, 100, 0, '/files/default_cover.jpg', NULL, NULL, 0, 0);
INSERT INTO `sys_user` VALUES (8, '2212040301', '$2a$10$29naNhmoCRwd.vE/s/pFB.Y2gqLlOB7/.8YGTLEK7cgLkK4BPru8C', '张院0301', '/files/default.png', '', 0, 1, '2025-12-21 17:05:42', NULL, NULL, NULL, '/files/default_cover.jpg', NULL, NULL, 0, 0);
INSERT INTO `sys_user` VALUES (9, '2212040302', '$2a$10$29naNhmoCRwd.vE/s/pFB.Y2gqLlOB7/.8YGTLEK7cgLkK4BPru8C', '张院0302', '/files/default.png', '', 0, 1, '2025-12-21 17:05:42', NULL, NULL, NULL, '/files/default_cover.jpg', NULL, NULL, 0, 0);
INSERT INTO `sys_user` VALUES (10, '2212040303', '$2a$10$29naNhmoCRwd.vE/s/pFB.Y2gqLlOB7/.8YGTLEK7cgLkK4BPru8C', '张院0303', '/files/default.png', '', 0, 1, '2025-12-21 17:05:42', NULL, 99, 0, '/files/default_cover.jpg', NULL, '2026-04-06 21:37:12', 0, 0);
INSERT INTO `sys_user` VALUES (11, '2212040304', '$2a$10$29naNhmoCRwd.vE/s/pFB.Y2gqLlOB7/.8YGTLEK7cgLkK4BPru8C', '张院0304', '/files/default.png', '', 0, 1, '2025-12-21 17:05:42', NULL, NULL, NULL, '/files/default_cover.jpg', NULL, NULL, 0, 0);
INSERT INTO `sys_user` VALUES (12, '2212040305', '$2a$10$29naNhmoCRwd.vE/s/pFB.Y2gqLlOB7/.8YGTLEK7cgLkK4BPru8C', '张院0305', '/files/default.png', '', 0, 1, '2025-12-21 17:05:42', NULL, 98, NULL, '/files/default_cover.jpg', NULL, '2026-02-03 17:48:17', 0, 1);
INSERT INTO `sys_user` VALUES (13, '2212040306', '$2a$10$29naNhmoCRwd.vE/s/pFB.Y2gqLlOB7/.8YGTLEK7cgLkK4BPru8C', '张院0306', '/files/default.png', '', 0, 1, '2025-12-21 17:05:42', NULL, 100, 0, '/files/default_cover.jpg', NULL, '2026-02-03 18:12:23', 0, 0);
INSERT INTO `sys_user` VALUES (14, '2212040307', '$2a$10$29naNhmoCRwd.vE/s/pFB.Y2gqLlOB7/.8YGTLEK7cgLkK4BPru8C', '张院0307', '/files/default.png', '', 0, 1, '2025-12-21 17:05:42', NULL, 100, 0, '/files/default_cover.jpg', NULL, NULL, 0, 0);
INSERT INTO `sys_user` VALUES (15, '2212040308', '$2a$10$29naNhmoCRwd.vE/s/pFB.Y2gqLlOB7/.8YGTLEK7cgLkK4BPru8C', '张院0308', '/files/default.png', '', 0, 1, '2025-12-21 17:05:42', NULL, 100, 0, '/files/default_cover.jpg', NULL, NULL, 0, 0);
INSERT INTO `sys_user` VALUES (16, '2212040309', '$2a$10$29naNhmoCRwd.vE/s/pFB.Y2gqLlOB7/.8YGTLEK7cgLkK4BPru8C', '张院0309', '/files/default.png', '', 0, 1, '2025-12-21 17:05:42', NULL, 99, 0, '/files/default_cover.jpg', NULL, '2026-04-04 19:20:08', 0, 0);
INSERT INTO `sys_user` VALUES (17, '2212040310', '$2a$10$29naNhmoCRwd.vE/s/pFB.Y2gqLlOB7/.8YGTLEK7cgLkK4BPru8C', '张院0310', '/files/default.png', '', 0, 1, '2025-12-21 17:05:42', NULL, 100, 0, '/files/default_cover.jpg', NULL, NULL, 0, 0);
INSERT INTO `sys_user` VALUES (18, '2212040311', '$2a$10$29naNhmoCRwd.vE/s/pFB.Y2gqLlOB7/.8YGTLEK7cgLkK4BPru8C', '张院0311', '/files/default.png', '', 0, 1, '2025-12-21 17:05:42', NULL, NULL, NULL, '/files/default_cover.jpg', NULL, NULL, 0, 0);
INSERT INTO `sys_user` VALUES (19, '2212040312', '$2a$10$29naNhmoCRwd.vE/s/pFB.Y2gqLlOB7/.8YGTLEK7cgLkK4BPru8C', '张院0312', '/files/default.png', '', 0, 1, '2025-12-21 17:05:42', NULL, 100, 0, '/files/default_cover.jpg', NULL, NULL, 0, 0);
INSERT INTO `sys_user` VALUES (20, '2212040313', '$2a$10$29naNhmoCRwd.vE/s/pFB.Y2gqLlOB7/.8YGTLEK7cgLkK4BPru8C', '张院0313', '/files/default.png', '', 0, 1, '2025-12-21 17:05:42', NULL, 100, 0, '/files/default_cover.jpg', NULL, NULL, 0, 0);
INSERT INTO `sys_user` VALUES (21, '2212040314', '$2a$10$29naNhmoCRwd.vE/s/pFB.Y2gqLlOB7/.8YGTLEK7cgLkK4BPru8C', '张院0314', '/files/default.png', '', 0, 1, '2025-12-21 17:05:42', NULL, 100, 0, '/files/default_cover.jpg', NULL, '2026-03-28 14:42:58', 0, 0);
INSERT INTO `sys_user` VALUES (22, '2212040315', '$2a$10$29naNhmoCRwd.vE/s/pFB.Y2gqLlOB7/.8YGTLEK7cgLkK4BPru8C', '张院0315', '/files/default.png', '', 0, 1, '2025-12-21 17:05:42', NULL, 100, 0, '/files/default_cover.jpg', NULL, NULL, 0, 0);
INSERT INTO `sys_user` VALUES (23, '2212040316', '$2a$10$29naNhmoCRwd.vE/s/pFB.Y2gqLlOB7/.8YGTLEK7cgLkK4BPru8C', '张院0316', '/files/default.png', '', 0, 1, '2025-12-21 17:05:42', NULL, 100, 0, '/files/default_cover.jpg', NULL, NULL, 0, 0);
INSERT INTO `sys_user` VALUES (24, '2212040317', '$2a$10$29naNhmoCRwd.vE/s/pFB.Y2gqLlOB7/.8YGTLEK7cgLkK4BPru8C', '张院0317', '/files/default.png', '', 0, 1, '2025-12-21 17:05:42', NULL, 100, 0, '/files/default_cover.jpg', NULL, NULL, 0, 0);
INSERT INTO `sys_user` VALUES (25, '2212040318', '$2a$10$29naNhmoCRwd.vE/s/pFB.Y2gqLlOB7/.8YGTLEK7cgLkK4BPru8C', '张院0318', '/files/default.png', '', 0, 1, '2025-12-21 17:05:42', NULL, 100, 0, '/files/default_cover.jpg', NULL, NULL, 0, 0);
INSERT INTO `sys_user` VALUES (26, '2212040319', '$2a$10$29naNhmoCRwd.vE/s/pFB.Y2gqLlOB7/.8YGTLEK7cgLkK4BPru8C', '张院0319', '/files/default.png', '', 0, 1, '2025-12-21 17:05:42', NULL, 100, 0, '/files/default_cover.jpg', NULL, NULL, 0, 0);
INSERT INTO `sys_user` VALUES (27, '2212040320', '$2a$10$29naNhmoCRwd.vE/s/pFB.Y2gqLlOB7/.8YGTLEK7cgLkK4BPru8C', '张院0320', '/files/default.png', '', 0, 1, '2025-12-21 17:05:42', NULL, 100, 0, '/files/default_cover.jpg', NULL, NULL, 0, 0);
INSERT INTO `sys_user` VALUES (28, '2212040321', '$2a$10$29naNhmoCRwd.vE/s/pFB.Y2gqLlOB7/.8YGTLEK7cgLkK4BPru8C', '张院0321', '/files/default.png', '', 0, 1, '2025-12-21 17:05:42', NULL, 100, 0, '/files/default_cover.jpg', NULL, NULL, 0, 0);
INSERT INTO `sys_user` VALUES (29, '2212040322', '$2a$10$29naNhmoCRwd.vE/s/pFB.Y2gqLlOB7/.8YGTLEK7cgLkK4BPru8C', '张院0322', '/files/default.png', '', 0, 1, '2025-12-21 17:05:42', NULL, 100, 0, '/files/default_cover.jpg', NULL, '2026-04-06 18:46:10', 0, 0);
INSERT INTO `sys_user` VALUES (30, '2212040323', '$2a$10$29naNhmoCRwd.vE/s/pFB.Y2gqLlOB7/.8YGTLEK7cgLkK4BPru8C', '张院0323', '/files/default.png', '', 0, 1, '2025-12-21 17:05:42', NULL, 100, 0, '/files/default_cover.jpg', NULL, NULL, 0, 0);
INSERT INTO `sys_user` VALUES (31, '2212040324', '$2a$10$29naNhmoCRwd.vE/s/pFB.Y2gqLlOB7/.8YGTLEK7cgLkK4BPru8C', '张院0324', '/files/default.png', '', 0, 1, '2025-12-21 17:05:42', NULL, 100, 0, '/files/default_cover.jpg', NULL, NULL, 0, 0);
INSERT INTO `sys_user` VALUES (32, '2212040325', '$2a$10$29naNhmoCRwd.vE/s/pFB.Y2gqLlOB7/.8YGTLEK7cgLkK4BPru8C', '张院0325', '/files/default.png', '', 0, 1, '2025-12-21 17:05:42', NULL, 100, 0, '/files/default_cover.jpg', NULL, NULL, 0, 0);
INSERT INTO `sys_user` VALUES (33, '2212040326', '$2a$10$29naNhmoCRwd.vE/s/pFB.Y2gqLlOB7/.8YGTLEK7cgLkK4BPru8C', '张院0326', '/files/default.png', '', 0, 1, '2025-12-21 17:05:42', NULL, 100, 0, '/files/default_cover.jpg', NULL, NULL, 0, 0);
INSERT INTO `sys_user` VALUES (34, '2212040327', '$2a$10$29naNhmoCRwd.vE/s/pFB.Y2gqLlOB7/.8YGTLEK7cgLkK4BPru8C', '张院0327', '/files/default.png', '', 0, 1, '2025-12-21 17:05:42', NULL, 100, 0, '/files/default_cover.jpg', NULL, NULL, 0, 0);
INSERT INTO `sys_user` VALUES (35, '2212040328', '$2a$10$29naNhmoCRwd.vE/s/pFB.Y2gqLlOB7/.8YGTLEK7cgLkK4BPru8C', '张院0328', '/files/default.png', '', 0, 1, '2025-12-21 17:05:42', NULL, 100, 0, '/files/default_cover.jpg', NULL, NULL, 0, 0);
INSERT INTO `sys_user` VALUES (36, '2212040329', '$2a$10$29naNhmoCRwd.vE/s/pFB.Y2gqLlOB7/.8YGTLEK7cgLkK4BPru8C', '张院0329', '/files/default.png', '', 0, 1, '2025-12-21 17:05:42', NULL, 100, 0, '/files/default_cover.jpg', NULL, NULL, 0, 0);
INSERT INTO `sys_user` VALUES (37, '2212040330', '$2a$10$29naNhmoCRwd.vE/s/pFB.Y2gqLlOB7/.8YGTLEK7cgLkK4BPru8C', '张院0330', '/files/default.png', '', 0, 1, '2025-12-21 17:05:42', NULL, 100, 0, '/files/default_cover.jpg', NULL, NULL, 0, 0);
INSERT INTO `sys_user` VALUES (38, '2212040331', '$2a$10$29naNhmoCRwd.vE/s/pFB.Y2gqLlOB7/.8YGTLEK7cgLkK4BPru8C', '张院0331', '/files/default.png', '', 0, 1, '2025-12-21 17:05:42', NULL, 100, 0, '/files/default_cover.jpg', NULL, NULL, 0, 0);
INSERT INTO `sys_user` VALUES (39, '2212040332', '$2a$10$29naNhmoCRwd.vE/s/pFB.Y2gqLlOB7/.8YGTLEK7cgLkK4BPru8C', '张院0332', '/files/default.png', '', 0, 1, '2025-12-21 17:05:42', NULL, 100, 0, '/files/default_cover.jpg', NULL, NULL, 0, 0);
INSERT INTO `sys_user` VALUES (40, '2212040333', '$2a$10$29naNhmoCRwd.vE/s/pFB.Y2gqLlOB7/.8YGTLEK7cgLkK4BPru8C', '张院0333', '/files/default.png', '', 0, 1, '2025-12-21 17:05:42', NULL, 100, 0, '/files/default_cover.jpg', NULL, NULL, 0, 0);
INSERT INTO `sys_user` VALUES (41, '2212040334', '$2a$10$29naNhmoCRwd.vE/s/pFB.Y2gqLlOB7/.8YGTLEK7cgLkK4BPru8C', '张院0334', '/files/default.png', '', 0, 1, '2025-12-21 17:05:42', NULL, 100, 0, '/files/default_cover.jpg', NULL, NULL, 0, 0);
INSERT INTO `sys_user` VALUES (42, '2212040335', '$2a$10$29naNhmoCRwd.vE/s/pFB.Y2gqLlOB7/.8YGTLEK7cgLkK4BPru8C', '张院0335', '/files/default.png', '', 0, 1, '2025-12-21 17:05:42', NULL, 100, 0, '/files/default_cover.jpg', NULL, NULL, 0, 0);
INSERT INTO `sys_user` VALUES (43, '2212040336', '$2a$10$29naNhmoCRwd.vE/s/pFB.Y2gqLlOB7/.8YGTLEK7cgLkK4BPru8C', '张院0336', '/files/default.png', '', 0, 1, '2025-12-21 17:05:42', NULL, 100, 0, '/files/default_cover.jpg', NULL, NULL, 0, 0);
INSERT INTO `sys_user` VALUES (44, '2212040337', '$2a$10$29naNhmoCRwd.vE/s/pFB.Y2gqLlOB7/.8YGTLEK7cgLkK4BPru8C', '张院0337', '/files/default.png', '', 0, 1, '2025-12-21 17:05:42', NULL, 100, 0, '/files/default_cover.jpg', NULL, NULL, 0, 0);
INSERT INTO `sys_user` VALUES (45, '2212040338', '$2a$10$29naNhmoCRwd.vE/s/pFB.Y2gqLlOB7/.8YGTLEK7cgLkK4BPru8C', '张院0338', '/files/default.png', '', 0, 1, '2025-12-21 17:05:42', NULL, 100, 0, '/files/default_cover.jpg', NULL, NULL, 0, 0);
INSERT INTO `sys_user` VALUES (46, '2212040339', '$2a$10$29naNhmoCRwd.vE/s/pFB.Y2gqLlOB7/.8YGTLEK7cgLkK4BPru8C', '张院0339', '/files/default.png', '', 0, 1, '2025-12-21 17:05:42', NULL, 99, 0, '/files/default_cover.jpg', NULL, '2026-04-06 21:32:41', 0, 0);
INSERT INTO `sys_user` VALUES (47, '2212040340', '$2a$10$29naNhmoCRwd.vE/s/pFB.Y2gqLlOB7/.8YGTLEK7cgLkK4BPru8C', '张院0340', '/files/default.png', '', 0, 1, '2025-12-21 17:05:42', NULL, 100, 0, '/files/default_cover.jpg', NULL, NULL, 0, 0);
INSERT INTO `sys_user` VALUES (48, '2212040341', '$2a$10$29naNhmoCRwd.vE/s/pFB.Y2gqLlOB7/.8YGTLEK7cgLkK4BPru8C', '张院0341', '/files/default.png', '', 0, 1, '2025-12-21 17:05:42', NULL, 100, 0, '/files/default_cover.jpg', NULL, NULL, 0, 0);
INSERT INTO `sys_user` VALUES (49, '2212040342', '$2a$10$29naNhmoCRwd.vE/s/pFB.Y2gqLlOB7/.8YGTLEK7cgLkK4BPru8C', '张院0342', '/files/default.png', '', 0, 1, '2025-12-21 17:05:42', NULL, 100, 0, '/files/default_cover.jpg', NULL, NULL, 0, 0);
INSERT INTO `sys_user` VALUES (50, '2212040343', '$2a$10$29naNhmoCRwd.vE/s/pFB.Y2gqLlOB7/.8YGTLEK7cgLkK4BPru8C', '张院0343', '/files/default.png', '', 0, 1, '2025-12-21 17:05:42', NULL, 100, 0, '/files/default_cover.jpg', NULL, NULL, 0, 0);
INSERT INTO `sys_user` VALUES (51, '2212040344', '$2a$10$29naNhmoCRwd.vE/s/pFB.Y2gqLlOB7/.8YGTLEK7cgLkK4BPru8C', '张院0344', '/files/default.png', '', 0, 1, '2025-12-21 17:05:42', NULL, 100, 0, '/files/default_cover.jpg', NULL, NULL, 0, 0);
INSERT INTO `sys_user` VALUES (52, '2212040345', '$2a$10$29naNhmoCRwd.vE/s/pFB.Y2gqLlOB7/.8YGTLEK7cgLkK4BPru8C', '张院0345', '/files/default.png', '', 0, 1, '2025-12-21 17:05:42', NULL, 100, 0, '/files/default_cover.jpg', NULL, NULL, 0, 0);
INSERT INTO `sys_user` VALUES (53, '2212040346', '$2a$10$29naNhmoCRwd.vE/s/pFB.Y2gqLlOB7/.8YGTLEK7cgLkK4BPru8C', '张院0346', '/files/default.png', '', 0, 1, '2025-12-21 17:05:42', NULL, 100, 0, '/files/default_cover.jpg', NULL, NULL, 0, 0);
INSERT INTO `sys_user` VALUES (54, '2212040347', '$2a$10$29naNhmoCRwd.vE/s/pFB.Y2gqLlOB7/.8YGTLEK7cgLkK4BPru8C', '张院0347', '/files/default.png', '', 0, 1, '2025-12-21 17:05:42', NULL, 100, 0, '/files/default_cover.jpg', NULL, NULL, 0, 0);
INSERT INTO `sys_user` VALUES (55, '2212040348', '$2a$10$29naNhmoCRwd.vE/s/pFB.Y2gqLlOB7/.8YGTLEK7cgLkK4BPru8C', '张院0348', '/files/default.png', '', 0, 1, '2025-12-21 17:05:42', NULL, 100, 0, '/files/default_cover.jpg', NULL, NULL, 0, 0);
INSERT INTO `sys_user` VALUES (56, '2212040349', '$2a$10$29naNhmoCRwd.vE/s/pFB.Y2gqLlOB7/.8YGTLEK7cgLkK4BPru8C', '张院0349', '/files/default.png', '', 0, 1, '2025-12-21 17:05:42', NULL, 100, 0, '/files/default_cover.jpg', NULL, NULL, 0, 0);
INSERT INTO `sys_user` VALUES (57, '2212040350', '$2a$10$29naNhmoCRwd.vE/s/pFB.Y2gqLlOB7/.8YGTLEK7cgLkK4BPru8C', '张院0350', '/files/default.png', '', 0, 1, '2025-12-21 17:05:42', NULL, 100, 0, '/files/default_cover.jpg', NULL, NULL, 0, 0);
INSERT INTO `sys_user` VALUES (58, '2212040351', '$2a$10$29naNhmoCRwd.vE/s/pFB.Y2gqLlOB7/.8YGTLEK7cgLkK4BPru8C', '张院0351', '/files/default.png', '', 0, 1, '2025-12-21 17:05:42', NULL, 100, 0, '/files/default_cover.jpg', NULL, NULL, 0, 0);
INSERT INTO `sys_user` VALUES (59, '2212040352', '$2a$10$29naNhmoCRwd.vE/s/pFB.Y2gqLlOB7/.8YGTLEK7cgLkK4BPru8C', '张院0352', '/files/default.png', '', 0, 1, '2025-12-21 17:05:42', NULL, 100, 0, '/files/default_cover.jpg', NULL, '2026-04-06 21:37:12', 0, 0);
INSERT INTO `sys_user` VALUES (60, '2212040353', '$2a$10$29naNhmoCRwd.vE/s/pFB.Y2gqLlOB7/.8YGTLEK7cgLkK4BPru8C', '张院0353', '/files/default.png', '', 0, 1, '2025-12-21 17:05:42', NULL, 100, 0, '/files/default_cover.jpg', NULL, NULL, 0, 0);
INSERT INTO `sys_user` VALUES (61, '2212040354', '$2a$10$29naNhmoCRwd.vE/s/pFB.Y2gqLlOB7/.8YGTLEK7cgLkK4BPru8C', '张院0354', '/files/default.png', '', 0, 1, '2025-12-21 17:05:42', NULL, 100, 0, '/files/default_cover.jpg', NULL, NULL, 0, 0);
INSERT INTO `sys_user` VALUES (62, '2212040355', '$2a$10$29naNhmoCRwd.vE/s/pFB.Y2gqLlOB7/.8YGTLEK7cgLkK4BPru8C', '张院0355', '/files/default.png', '', 0, 1, '2025-12-21 17:05:42', NULL, 100, 0, '/files/default_cover.jpg', NULL, NULL, 0, 0);
INSERT INTO `sys_user` VALUES (63, '2212040356', '$2a$10$29naNhmoCRwd.vE/s/pFB.Y2gqLlOB7/.8YGTLEK7cgLkK4BPru8C', '张院0356', '/files/default.png', '', 0, 1, '2025-12-21 17:05:42', NULL, 100, 0, '/files/default_cover.jpg', NULL, NULL, 0, 0);
INSERT INTO `sys_user` VALUES (64, '2212040357', '$2a$10$29naNhmoCRwd.vE/s/pFB.Y2gqLlOB7/.8YGTLEK7cgLkK4BPru8C', '张院0357', '/files/default.png', '', 0, 1, '2025-12-21 17:05:42', NULL, 100, 0, '/files/default_cover.jpg', NULL, NULL, 0, 0);
INSERT INTO `sys_user` VALUES (65, '2212040358', '$2a$10$29naNhmoCRwd.vE/s/pFB.Y2gqLlOB7/.8YGTLEK7cgLkK4BPru8C', '张院0358', '/files/default.png', '', 0, 1, '2025-12-21 17:05:42', NULL, 100, 0, '/files/default_cover.jpg', NULL, NULL, 0, 0);
INSERT INTO `sys_user` VALUES (66, '2212040359', '$2a$10$29naNhmoCRwd.vE/s/pFB.Y2gqLlOB7/.8YGTLEK7cgLkK4BPru8C', '张院0359', '/files/default.png', '', 0, 1, '2025-12-21 17:05:42', NULL, 100, 0, '/files/default_cover.jpg', NULL, NULL, 0, 0);
INSERT INTO `sys_user` VALUES (67, '2212040360', '$2a$10$29naNhmoCRwd.vE/s/pFB.Y2gqLlOB7/.8YGTLEK7cgLkK4BPru8C', '张院0360', '/files/default.png', '', 0, 1, '2025-12-21 17:05:42', NULL, 100, 0, '/files/default_cover.jpg', NULL, NULL, 0, 0);
INSERT INTO `sys_user` VALUES (68, '2212040361', '$2a$10$29naNhmoCRwd.vE/s/pFB.Y2gqLlOB7/.8YGTLEK7cgLkK4BPru8C', '张院0361', '/files/default.png', '', 0, 0, '2025-12-21 17:05:42', '2124-12-21 19:18:04', 100, 0, '/files/default_cover.jpg', NULL, NULL, 0, 0);
INSERT INTO `sys_user` VALUES (69, '2212040362', '$2a$10$29naNhmoCRwd.vE/s/pFB.Y2gqLlOB7/.8YGTLEK7cgLkK4BPru8C', '张院0362', '/files/default.png', '', 0, 1, '2025-12-21 17:05:42', NULL, 100, 0, '/files/default_cover.jpg', NULL, NULL, 0, 0);
INSERT INTO `sys_user` VALUES (70, '2212040363', '$2a$10$29naNhmoCRwd.vE/s/pFB.Y2gqLlOB7/.8YGTLEK7cgLkK4BPru8C', '张院0363', '/files/default.png', '', 0, 1, '2025-12-21 17:05:42', NULL, 100, 0, '/files/default_cover.jpg', NULL, NULL, 0, 0);
INSERT INTO `sys_user` VALUES (71, '2212040364', '$2a$10$29naNhmoCRwd.vE/s/pFB.Y2gqLlOB7/.8YGTLEK7cgLkK4BPru8C', '张院0364', '/files/default.png', '', 0, 1, '2025-12-21 17:05:42', NULL, 100, 0, '/files/default_cover.jpg', NULL, NULL, 0, 0);
INSERT INTO `sys_user` VALUES (72, '2212040365', '$2a$10$29naNhmoCRwd.vE/s/pFB.Y2gqLlOB7/.8YGTLEK7cgLkK4BPru8C', '张院0365', '/files/default.png', '', 0, 1, '2025-12-21 17:05:42', NULL, 100, 0, '/files/default_cover.jpg', NULL, NULL, 0, 0);
INSERT INTO `sys_user` VALUES (73, '2212040366', '$2a$10$29naNhmoCRwd.vE/s/pFB.Y2gqLlOB7/.8YGTLEK7cgLkK4BPru8C', '张院0366', '/files/default.png', '', 0, 1, '2025-12-21 17:05:42', NULL, 100, 0, '/files/default_cover.jpg', NULL, NULL, 0, 0);
INSERT INTO `sys_user` VALUES (74, '2212040367', '$2a$10$29naNhmoCRwd.vE/s/pFB.Y2gqLlOB7/.8YGTLEK7cgLkK4BPru8C', '张院0367', '/files/default.png', '', 0, 1, '2025-12-21 17:05:42', NULL, 100, 0, '/files/default_cover.jpg', NULL, NULL, 0, 0);
INSERT INTO `sys_user` VALUES (75, '2212040368', '$2a$10$29naNhmoCRwd.vE/s/pFB.Y2gqLlOB7/.8YGTLEK7cgLkK4BPru8C', '张院0368', '/files/default.png', '', 0, 1, '2025-12-21 17:05:42', NULL, 100, 0, '/files/default_cover.jpg', NULL, NULL, 0, 0);
INSERT INTO `sys_user` VALUES (76, '2212040369', '$2a$10$29naNhmoCRwd.vE/s/pFB.Y2gqLlOB7/.8YGTLEK7cgLkK4BPru8C', '张院0369', '/files/default.png', '', 0, 1, '2025-12-21 17:05:42', NULL, 100, 0, '/files/default_cover.jpg', NULL, NULL, 0, 0);
INSERT INTO `sys_user` VALUES (77, '2212040370', '$2a$10$29naNhmoCRwd.vE/s/pFB.Y2gqLlOB7/.8YGTLEK7cgLkK4BPru8C', '张院0370', '/files/default.png', '', 0, 1, '2025-12-21 17:05:42', NULL, 100, 0, '/files/default_cover.jpg', NULL, NULL, 0, 0);
INSERT INTO `sys_user` VALUES (78, '2212040371', '$2a$10$29naNhmoCRwd.vE/s/pFB.Y2gqLlOB7/.8YGTLEK7cgLkK4BPru8C', '张院0371', '/files/default.png', '', 0, 1, '2025-12-21 17:05:42', NULL, 100, 0, '/files/default_cover.jpg', NULL, NULL, 0, 0);
INSERT INTO `sys_user` VALUES (79, '2212040372', '$2a$10$29naNhmoCRwd.vE/s/pFB.Y2gqLlOB7/.8YGTLEK7cgLkK4BPru8C', '张院0372', '/files/default.png', '', 0, 1, '2025-12-21 17:05:42', NULL, 100, 0, '/files/default_cover.jpg', NULL, NULL, 0, 0);
INSERT INTO `sys_user` VALUES (80, '2212040373', '$2a$10$29naNhmoCRwd.vE/s/pFB.Y2gqLlOB7/.8YGTLEK7cgLkK4BPru8C', '张院0373', '/files/default.png', '', 0, 1, '2025-12-21 17:05:42', NULL, 100, 0, '/files/default_cover.jpg', NULL, NULL, 0, 0);
INSERT INTO `sys_user` VALUES (81, '2212040374', '$2a$10$29naNhmoCRwd.vE/s/pFB.Y2gqLlOB7/.8YGTLEK7cgLkK4BPru8C', '张院0374', '/files/default.png', '', 0, 1, '2025-12-21 17:05:42', NULL, 100, 0, '/files/default_cover.jpg', NULL, NULL, 0, 0);
INSERT INTO `sys_user` VALUES (82, '2212040375', '$2a$10$29naNhmoCRwd.vE/s/pFB.Y2gqLlOB7/.8YGTLEK7cgLkK4BPru8C', '张院0375', '/files/default.png', '', 0, 1, '2025-12-21 17:05:42', NULL, 100, 0, '/files/default_cover.jpg', NULL, NULL, 0, 0);
INSERT INTO `sys_user` VALUES (83, '2212040376', '$2a$10$29naNhmoCRwd.vE/s/pFB.Y2gqLlOB7/.8YGTLEK7cgLkK4BPru8C', '张院0376', '/files/default.png', '', 0, 1, '2025-12-21 17:05:42', NULL, 100, 0, '/files/default_cover.jpg', NULL, NULL, 0, 0);
INSERT INTO `sys_user` VALUES (84, '2212040377', '$2a$10$29naNhmoCRwd.vE/s/pFB.Y2gqLlOB7/.8YGTLEK7cgLkK4BPru8C', '张院0377', '/files/default.png', '', 0, 1, '2025-12-21 17:05:42', NULL, 100, 0, '/files/default_cover.jpg', NULL, NULL, 0, 0);
INSERT INTO `sys_user` VALUES (85, '2212040378', '$2a$10$29naNhmoCRwd.vE/s/pFB.Y2gqLlOB7/.8YGTLEK7cgLkK4BPru8C', '张院0378', '/files/default.png', '', 0, 1, '2025-12-21 17:05:42', NULL, 100, 0, '/files/default_cover.jpg', NULL, NULL, 0, 0);
INSERT INTO `sys_user` VALUES (86, '2212040379', '$2a$10$29naNhmoCRwd.vE/s/pFB.Y2gqLlOB7/.8YGTLEK7cgLkK4BPru8C', '张院0379', '/files/default.png', '', 0, 1, '2025-12-21 17:05:42', NULL, 100, 0, '/files/default_cover.jpg', NULL, NULL, 0, 0);
INSERT INTO `sys_user` VALUES (87, '2212040380', '$2a$10$29naNhmoCRwd.vE/s/pFB.Y2gqLlOB7/.8YGTLEK7cgLkK4BPru8C', '张院0380', '/files/default.png', '', 0, 1, '2025-12-21 17:05:42', NULL, 100, 0, '/files/default_cover.jpg', NULL, NULL, 0, 0);
INSERT INTO `sys_user` VALUES (88, '2212040381', '$2a$10$29naNhmoCRwd.vE/s/pFB.Y2gqLlOB7/.8YGTLEK7cgLkK4BPru8C', '张院0381', '/files/default.png', '', 0, 1, '2025-12-21 17:05:42', NULL, 100, 0, '/files/default_cover.jpg', NULL, NULL, 0, 0);
INSERT INTO `sys_user` VALUES (89, '2212040382', '$2a$10$29naNhmoCRwd.vE/s/pFB.Y2gqLlOB7/.8YGTLEK7cgLkK4BPru8C', '张院0382', '/files/default.png', '', 0, 1, '2025-12-21 17:05:42', NULL, 100, 0, '/files/default_cover.jpg', NULL, NULL, 0, 0);
INSERT INTO `sys_user` VALUES (90, '2212040383', '$2a$10$29naNhmoCRwd.vE/s/pFB.Y2gqLlOB7/.8YGTLEK7cgLkK4BPru8C', '张院0383', '/files/default.png', '', 0, 1, '2025-12-21 17:05:42', NULL, 100, 0, '/files/default_cover.jpg', NULL, NULL, 0, 0);
INSERT INTO `sys_user` VALUES (91, '2212040384', '$2a$10$29naNhmoCRwd.vE/s/pFB.Y2gqLlOB7/.8YGTLEK7cgLkK4BPru8C', '张院0384', '/files/default.png', '', 0, 1, '2025-12-21 17:05:42', NULL, 100, 0, '/files/default_cover.jpg', NULL, NULL, 0, 0);
INSERT INTO `sys_user` VALUES (92, '2212040385', '$2a$10$29naNhmoCRwd.vE/s/pFB.Y2gqLlOB7/.8YGTLEK7cgLkK4BPru8C', '张院0385', '/files/default.png', '', 0, 1, '2025-12-21 17:05:42', NULL, 100, 0, '/files/default_cover.jpg', NULL, NULL, 0, 0);
INSERT INTO `sys_user` VALUES (93, '2212040386', '$2a$10$29naNhmoCRwd.vE/s/pFB.Y2gqLlOB7/.8YGTLEK7cgLkK4BPru8C', '张院0386', '/files/default.png', '', 0, 1, '2025-12-21 17:05:42', NULL, 100, 0, '/files/default_cover.jpg', NULL, NULL, 0, 0);
INSERT INTO `sys_user` VALUES (94, '2212040387', '$2a$10$29naNhmoCRwd.vE/s/pFB.Y2gqLlOB7/.8YGTLEK7cgLkK4BPru8C', '张院0387', '/files/default.png', '', 0, 1, '2025-12-21 17:05:42', NULL, 100, 0, '/files/default_cover.jpg', NULL, NULL, 0, 0);
INSERT INTO `sys_user` VALUES (95, '2212040388', '$2a$10$29naNhmoCRwd.vE/s/pFB.Y2gqLlOB7/.8YGTLEK7cgLkK4BPru8C', '张院0388', '/files/default.png', '', 0, 1, '2025-12-21 17:05:42', NULL, 100, 0, '/files/default_cover.jpg', NULL, NULL, 0, 0);
INSERT INTO `sys_user` VALUES (96, '2212040389', '$2a$10$29naNhmoCRwd.vE/s/pFB.Y2gqLlOB7/.8YGTLEK7cgLkK4BPru8C', '张院0389', '/files/default.png', '', 0, 1, '2025-12-21 17:05:42', NULL, 100, 0, '/files/default_cover.jpg', NULL, NULL, 0, 0);
INSERT INTO `sys_user` VALUES (97, '2212040390', '$2a$10$29naNhmoCRwd.vE/s/pFB.Y2gqLlOB7/.8YGTLEK7cgLkK4BPru8C', '张院0390', '/files/default.png', '', 0, 1, '2025-12-21 17:05:42', NULL, 100, 0, '/files/default_cover.jpg', NULL, NULL, 0, 0);
INSERT INTO `sys_user` VALUES (98, '2212040391', '$2a$10$29naNhmoCRwd.vE/s/pFB.Y2gqLlOB7/.8YGTLEK7cgLkK4BPru8C', '张院0391', '/files/default.png', '', 0, 1, '2025-12-21 17:05:42', NULL, 100, 0, '/files/default_cover.jpg', NULL, NULL, 0, 0);
INSERT INTO `sys_user` VALUES (99, '2212040392', '$2a$10$29naNhmoCRwd.vE/s/pFB.Y2gqLlOB7/.8YGTLEK7cgLkK4BPru8C', '张院0392', '/files/default.png', '', 0, 1, '2025-12-21 17:05:42', NULL, 100, 0, '/files/default_cover.jpg', NULL, NULL, 0, 0);
INSERT INTO `sys_user` VALUES (100, '2212040393', '$2a$10$29naNhmoCRwd.vE/s/pFB.Y2gqLlOB7/.8YGTLEK7cgLkK4BPru8C', '张院0393', '/files/default.png', '', 0, 1, '2025-12-21 17:05:42', NULL, 100, 0, '/files/default_cover.jpg', NULL, NULL, 0, 0);
INSERT INTO `sys_user` VALUES (101, '2212040394', '$2a$10$29naNhmoCRwd.vE/s/pFB.Y2gqLlOB7/.8YGTLEK7cgLkK4BPru8C', '张院0394', '/files/default.png', '', 0, 1, '2025-12-21 17:05:42', NULL, 100, 0, '/files/default_cover.jpg', NULL, NULL, 0, 0);
INSERT INTO `sys_user` VALUES (102, '2212040395', '$2a$10$29naNhmoCRwd.vE/s/pFB.Y2gqLlOB7/.8YGTLEK7cgLkK4BPru8C', '张院0395', '/files/default.png', '', 0, 1, '2025-12-21 17:05:42', NULL, 100, 0, '/files/default_cover.jpg', NULL, NULL, 0, 0);
INSERT INTO `sys_user` VALUES (103, '2212040396', '$2a$10$29naNhmoCRwd.vE/s/pFB.Y2gqLlOB7/.8YGTLEK7cgLkK4BPru8C', '张院0396', '/files/default.png', '', 0, 1, '2025-12-21 17:05:42', NULL, 100, 0, '/files/default_cover.jpg', NULL, NULL, 0, 0);
INSERT INTO `sys_user` VALUES (104, '2212040397', '$2a$10$29naNhmoCRwd.vE/s/pFB.Y2gqLlOB7/.8YGTLEK7cgLkK4BPru8C', '张院0397', '/files/default.png', '', 0, 1, '2025-12-21 17:05:42', NULL, 100, 0, '/files/default_cover.jpg', NULL, NULL, 0, 0);
INSERT INTO `sys_user` VALUES (105, '2212040398', '$2a$10$29naNhmoCRwd.vE/s/pFB.Y2gqLlOB7/.8YGTLEK7cgLkK4BPru8C', '张院0398', '/files/default.png', '', 0, 1, '2025-12-21 17:05:42', NULL, 100, 0, '/files/default_cover.jpg', NULL, NULL, 0, 0);
INSERT INTO `sys_user` VALUES (106, '2212040399', '$2a$10$29naNhmoCRwd.vE/s/pFB.Y2gqLlOB7/.8YGTLEK7cgLkK4BPru8C', '张院0399', '/files/default.png', '', 0, 1, '2025-12-21 17:05:42', NULL, 100, 0, '/files/default_cover.jpg', NULL, NULL, 0, 0);
INSERT INTO `sys_user` VALUES (107, '2212040400', '$2a$10$29naNhmoCRwd.vE/s/pFB.Y2gqLlOB7/.8YGTLEK7cgLkK4BPru8C', '张院0400', '/files/default.png', '', 0, 1, '2025-12-21 17:05:42', NULL, 100, 0, '/files/default_cover.jpg', NULL, NULL, 0, 0);
INSERT INTO `sys_user` VALUES (108, '2212040401', '$2a$10$SPdWpzc90/6rbv9Kp3uE5udn5X5O0IHwm20TswlCuCwdQRH7yTbJi', '张院0401', '/files/default.png', '', 0, 1, '2026-01-16 15:59:19', NULL, NULL, NULL, '/files/default_cover.jpg', NULL, NULL, 0, 0);
INSERT INTO `sys_user` VALUES (112, '2212008771', '$2a$10$3R0RfJCb5gWZ45F86Pn36.D3EmdlFYlBgfL2pq0I8CWNIL6AXg8hy', '张院8771', '/files/default.png', '', 0, 1, '2026-01-16 18:41:32', NULL, 100, 0, '/files/default_cover.jpg', NULL, NULL, 0, 0);
INSERT INTO `sys_user` VALUES (113, '2212086180', '$2a$10$EsT2JahOMmfOWlFu9ND6MOIhiwJ4E7SOzFcnU0/oI3cFVPLXLnYfO', '张院6180', '/files/default.png', '', 0, 1, '2026-01-16 18:54:25', NULL, 100, 0, '/files/default_cover.jpg', NULL, NULL, 0, 0);
INSERT INTO `sys_user` VALUES (114, '2212026335', '$2a$10$zNW/VjyRmovSQPJbFgJrYeF/bveXgVi/0KAM7EoJ0E3qchFhPzYTC', '张院6335', '/files/default.png', '', 0, 1, '2026-01-16 19:01:06', NULL, 100, 0, '/files/default_cover.jpg', NULL, NULL, 0, 0);
INSERT INTO `sys_user` VALUES (115, '2212057141', '$2a$10$5h/kFQa3eEF4HWb8pxoBJu2nAxs.25lvw6IaZN085FVWrmPjNXC9q', '张院7141', '/files/default.png', '', 0, 1, '2026-01-16 19:06:14', NULL, NULL, NULL, '/files/default_cover.jpg', NULL, NULL, 0, 0);
INSERT INTO `sys_user` VALUES (116, '2212012645', '$2a$10$GboiGAouR8MrclQeY9dUmO3GVCWqzwWqFOTNtThgx.iRASx.SQQsi', '张院2645', '/files/default.png', '', 0, 1, '2026-01-16 19:15:29', NULL, 100, 0, '/files/default_cover.jpg', NULL, NULL, 0, 0);
INSERT INTO `sys_user` VALUES (117, '2212064450', '$2a$10$0UErhcsdshzb2aATAyG7OOVoMuSA6UjLGrCKRgt5ITgdJeZOmdlrK', '张院4450', '/files/default.png', '', 0, 1, '2026-01-16 19:24:12', NULL, 100, 0, '/files/default_cover.jpg', NULL, NULL, 0, 0);
INSERT INTO `sys_user` VALUES (118, '2212024339', '$2a$10$O58XHWkMRxjHoJsR3jRR6OPZgE7UM8uw9AVUtPijO2nyjwJeb6EhS', '张院4339', '/files/default.png', '', 0, 1, '2026-01-16 19:50:48', NULL, NULL, NULL, '/files/default_cover.jpg', NULL, NULL, 0, 0);
INSERT INTO `sys_user` VALUES (119, '2212027125', '$2a$10$dMgGohb3hCclh54KpIiHjOrE0zvl493IbWD8qSbGsFFIH5FcWASPC', '张院7125', '/files/default.png', '', 0, 1, '2026-01-16 19:51:18', NULL, NULL, NULL, '/files/default_cover.jpg', NULL, NULL, 0, 0);
INSERT INTO `sys_user` VALUES (120, '2212030632', '$2a$10$ccUyz1WccwkhzF6wSTUNb.syjeE.jdRmrTcUtSnWnWvZyi.edbwma', '张院0632', '/files/default.png', '', 0, 1, '2026-01-16 19:51:50', NULL, NULL, NULL, '/files/default_cover.jpg', NULL, NULL, 0, 0);
INSERT INTO `sys_user` VALUES (121, '2212032062', '$2a$10$Z6N2X8yMaP0Y7G84D6mnI.qBYiFCLfNFERfyZrgz7BDRRGfx2eAfS', '张院2062', '/files/default.png', '', 0, 1, '2026-01-16 19:52:04', NULL, NULL, NULL, '/files/default_cover.jpg', NULL, NULL, 0, 0);
INSERT INTO `sys_user` VALUES (122, '2212036182', '$2a$10$3PKKktEKAsQI5GLp0wWppuhBZ6WXvqucwat1MLnc2xsiYEeqngxqS', '张院6182', '/files/default.png', '', 0, 1, '2026-01-16 19:52:48', NULL, NULL, NULL, '/files/default_cover.jpg', NULL, '2026-03-08 17:08:43', 0, 0);
INSERT INTO `sys_user` VALUES (123, '2212041621', '$2a$10$wpQxiIKEO6rrhWKDGbrAzuVQRCLV.Ad/Vg/wMuS1rQV12yx48N5ni', '张院1621', '/files/default.png', '', 0, 1, '2026-01-16 19:53:40', NULL, NULL, NULL, '/files/default_cover.jpg', NULL, NULL, 0, 0);
INSERT INTO `sys_user` VALUES (124, '2212044856', '$2a$10$f4WJz8CS/v109FytQnUu1OapE442AUt/MwEz70deiSf8W2j/F2hwS', '张院4856', '/files/default.png', '', 0, 1, '2026-01-16 19:54:15', NULL, NULL, NULL, '/files/default_cover.jpg', NULL, NULL, 0, 0);
INSERT INTO `sys_user` VALUES (125, '2212049524', '$2a$10$/E.cfgrSh82aoeQQEEi5X.ZaPEoGLuBF6VFhW2jxBu0fYbeTG/5gm', '张院9524', '/files/default.png', '', 0, 1, '2026-01-16 19:54:59', NULL, NULL, NULL, '/files/default_cover.jpg', NULL, NULL, 0, 0);
INSERT INTO `sys_user` VALUES (126, '2212054200', '$2a$10$Br2jxbhhs4jc/Ixf5I6BNe7sCU4W7CQl/RAf5wiyuYDe1dsLhofbS', '张院4200', '/files/default.png', '', 0, 1, '2026-01-16 19:55:47', NULL, NULL, NULL, '/files/default_cover.jpg', NULL, NULL, 0, 0);
INSERT INTO `sys_user` VALUES (130, '2212027461', '$2a$10$09fBJFrIoqNQJd.SLtnqxegRN1GTU0vjfEwLSHKbr7JBrs9mYpFLG', '张院7461', '/files/default.png', '', 0, 1, '2026-01-16 20:24:37', NULL, NULL, NULL, '/files/default_cover.jpg', NULL, NULL, 0, 0);
INSERT INTO `sys_user` VALUES (131, '2212066892', '$2a$10$HDMS9r1JRPndPHIMXa2KnuyMu50APW4anesj4TVJPqdvQ94EmgfLq', '张院6892', '/files/default.png', '', 0, 1, '2026-01-16 20:31:12', NULL, 100, 0, '/files/default_cover.jpg', NULL, NULL, 0, 0);
INSERT INTO `sys_user` VALUES (132, '2212040111', '$2a$10$FQ0aEuqf/wyX6B33rf0bLuhREZEBWvjEBIfa1XbljkhX86SoSbjra', '张院0111', '/files/default.png', '', 0, 1, '2026-01-16 21:13:41', NULL, 100, 0, '/files/default_cover.jpg', NULL, NULL, 0, 0);
INSERT INTO `sys_user` VALUES (133, '2212056126', '$2a$10$cH3uDxr1LBLIOyep.reYie79bZsnNrexxPse82BLN/VQi7bRu1xDe', '张院6126', '/files/default.png', '', 0, 1, '2026-01-16 22:09:25', NULL, 100, 0, '/files/default_cover.jpg', NULL, NULL, 0, 0);
INSERT INTO `sys_user` VALUES (134, '2523030127', '$2a$10$gLBYNC0yEL3fJ/v8nmyxmu44QbHfY1zorVNsq1UuieYEyy2DktNZW', '张院0127', '/files/default.png', '', 0, 1, '2026-01-18 15:32:55', NULL, 99, 0, '/files/default_cover.jpg', NULL, NULL, 0, 0);
INSERT INTO `sys_user` VALUES (135, '2212024523', '$2a$10$LyBIe6X5TITH5az8DcY2K.ZOuh57K0OkSlimmotu7WYZHEmibbbOC', '张院4523', '/files/default.png', NULL, 0, 1, '2026-01-19 20:56:41', NULL, NULL, NULL, '/files/default_cover.jpg', NULL, NULL, 0, 0);
INSERT INTO `sys_user` VALUES (136, 'zxhfgh', '$2a$10$MBRDoD5Mcx8fBzpYRMMjJuei9IDJbpGKyaNK9zO1tpM6dY9tGf2pS', '张院hfgh', '/files/default.png', NULL, 0, 1, '2026-01-28 23:16:35', NULL, 100, 0, '/files/default_cover.jpg', NULL, NULL, 0, 0);

-- ----------------------------
-- Table structure for sys_visitor
-- ----------------------------
DROP TABLE IF EXISTS `sys_visitor`;
CREATE TABLE `sys_visitor`  (
  `id` bigint NOT NULL AUTO_INCREMENT,
  `user_id` bigint NOT NULL COMMENT '被访问者(主人)',
  `visitor_id` bigint NOT NULL COMMENT '访问者(客人)',
  `visit_time` datetime NULL DEFAULT CURRENT_TIMESTAMP COMMENT '访问时间',
  PRIMARY KEY (`id`) USING BTREE,
  INDEX `idx_user_visit`(`user_id` ASC, `visit_time` ASC) USING BTREE
) ENGINE = InnoDB AUTO_INCREMENT = 12 CHARACTER SET = utf8mb4 COLLATE = utf8mb4_0900_ai_ci COMMENT = '访客记录表' ROW_FORMAT = DYNAMIC;

-- ----------------------------
-- Records of sys_visitor
-- ----------------------------
INSERT INTO `sys_visitor` VALUES (1, 7, 3, '2025-12-18 21:19:51');
INSERT INTO `sys_visitor` VALUES (2, 134, 2, '2026-01-18 15:39:24');
INSERT INTO `sys_visitor` VALUES (3, 2, 134, '2026-01-18 15:39:59');
INSERT INTO `sys_visitor` VALUES (4, 135, 130, '2026-01-19 20:58:34');
INSERT INTO `sys_visitor` VALUES (5, 2, 12, '2026-01-20 11:53:59');
INSERT INTO `sys_visitor` VALUES (6, 2, 11, '2026-01-28 23:30:14');
INSERT INTO `sys_visitor` VALUES (7, 2, 6, '2026-01-30 21:49:15');
INSERT INTO `sys_visitor` VALUES (8, 12, 2, '2026-03-08 17:00:23');
INSERT INTO `sys_visitor` VALUES (9, 134, 2, '2026-03-08 17:00:31');
INSERT INTO `sys_visitor` VALUES (10, 12, 2, '2026-03-09 21:16:28');
INSERT INTO `sys_visitor` VALUES (11, 16, 10, '2026-04-06 19:23:27');

SET FOREIGN_KEY_CHECKS = 1;
